# timestamp,line
1619802749970,IN,siggen/room1/temp,0
1619802749972,OUT,mavg/room1/temp,0
1619802749972,IN,siggen/room1/rhum,0
1619802749973,OUT,mavg/room1/rhum,0
1619802749973,IN,siggen/room2/temp,0
1619802749974,OUT,mavg/room2/temp,0
1619802749974,IN,siggen/room2/rhum,0
1619802749974,OUT,mavg/room2/rhum,0
1619802750211,IN,siggen/room1/temp,1
1619802750211,OUT,mavg/room1/temp,1
1619802750211,IN,siggen/room2/rhum,1
1619802750212,OUT,mavg/room2/rhum,1
1619802750212,IN,siggen/room1/rhum,1
1619802750256,OUT,mavg/room1/rhum,1
1619802750256,IN,siggen/room2/temp,1
1619802750257,OUT,mavg/room2/temp,1
1619802750462,IN,siggen/room1/temp,2
1619802750505,OUT,mavg/room1/temp,2
1619802750505,IN,siggen/room1/rhum,2
1619802750507,OUT,mavg/room1/rhum,2
1619802750508,IN,siggen/room2/temp,2
1619802750510,OUT,mavg/room2/temp,2
1619802750511,IN,siggen/room2/rhum,2
1619802750513,OUT,mavg/room2/rhum,2
1619802750712,IN,siggen/room2/rhum,3
1619802750713,OUT,mavg/room2/rhum,3
1619802750713,IN,siggen/room1/temp,3
1619802750713,OUT,mavg/room1/temp,3
1619802750714,IN,siggen/room2/temp,3
1619802750714,OUT,mavg/room2/temp,3
1619802750714,IN,siggen/room1/rhum,3
1619802750714,OUT,mavg/room1/rhum,3
1619802750963,IN,siggen/room2/rhum,4
1619802750964,OUT,mavg/room2/rhum,4
1619802750964,IN,siggen/room1/temp,4
1619802750965,OUT,mavg/room1/temp,4
1619802750965,IN,siggen/room1/rhum,4
1619802750965,OUT,mavg/room1/rhum,4
1619802750966,IN,siggen/room2/temp,4
1619802750966,OUT,mavg/room2/temp,4
1619802751214,IN,siggen/room2/rhum,5
1619802751256,OUT,mavg/room2/rhum,5
1619802751256,IN,siggen/room1/temp,5
1619802751257,OUT,mavg/room1/temp,5
1619802751257,IN,siggen/room2/temp,5
1619802751258,OUT,mavg/room2/temp,5
1619802751258,IN,siggen/room1/rhum,5
1619802751258,OUT,mavg/room1/rhum,5
1619802751465,IN,siggen/room2/rhum,6
1619802751465,OUT,mavg/room2/rhum,6
1619802751466,IN,siggen/room2/temp,6
1619802751466,OUT,mavg/room2/temp,6
1619802751466,IN,siggen/room1/temp,6
1619802751467,OUT,mavg/room1/temp,6
1619802751467,IN,siggen/room1/rhum,6
1619802751469,OUT,mavg/room1/rhum,6
1619802751715,IN,siggen/room2/rhum,7
1619802751716,OUT,mavg/room2/rhum,7
1619802751716,IN,siggen/room2/temp,7
1619802751717,OUT,mavg/room2/temp,7
1619802751717,IN,siggen/room1/temp,7
1619802751760,OUT,mavg/room1/temp,7
1619802751760,IN,siggen/room1/rhum,7
1619802751761,OUT,mavg/room1/rhum,7
1619802751966,IN,siggen/room2/rhum,8
1619802752008,OUT,mavg/room2/rhum,8
1619802752009,IN,siggen/room2/temp,8
1619802752010,OUT,mavg/room2/temp,8
1619802752011,IN,siggen/room1/rhum,8
1619802752013,OUT,mavg/room1/rhum,8
1619802752013,IN,siggen/room1/temp,8
1619802752015,OUT,mavg/room1/temp,8
1619802752217,IN,siggen/room2/rhum,9
1619802752218,OUT,mavg/room2/rhum,9
1619802752218,IN,siggen/room2/temp,9
1619802752218,OUT,mavg/room2/temp,9
1619802752218,IN,siggen/room1/rhum,9
1619802752218,OUT,mavg/room1/rhum,9
1619802752219,IN,siggen/room1/temp,9
1619802752219,OUT,mavg/room1/temp,9
1619802752468,IN,siggen/room2/rhum,10
1619802752512,OUT,mavg/room2/rhum,10
1619802752512,IN,siggen/room2/temp,10
1619802752513,OUT,mavg/room2/temp,10
1619802752514,IN,siggen/room1/temp,10
1619802752514,OUT,mavg/room1/temp,10
1619802752515,IN,siggen/room1/rhum,10
1619802752515,OUT,mavg/room1/rhum,10
1619802752719,IN,siggen/room2/temp,11
1619802752719,OUT,mavg/room2/temp,11
1619802752720,IN,siggen/room2/rhum,11
1619802752764,OUT,mavg/room2/rhum,11
1619802752764,IN,siggen/room1/rhum,11
1619802752765,OUT,mavg/room1/rhum,11
1619802752765,IN,siggen/room1/temp,11
1619802752766,OUT,mavg/room1/temp,11
1619802752970,IN,siggen/room2/rhum,12
1619802753012,OUT,mavg/room2/rhum,12
1619802753012,IN,siggen/room1/rhum,12
1619802753013,OUT,mavg/room1/rhum,12
1619802753013,IN,siggen/room2/temp,12
1619802753014,OUT,mavg/room2/temp,12
1619802753014,IN,siggen/room1/temp,12
1619802753014,OUT,mavg/room1/temp,12
1619802753221,IN,siggen/room1/rhum,13
1619802753221,OUT,mavg/room1/rhum,13
1619802753222,IN,siggen/room2/rhum,13
1619802753222,OUT,mavg/room2/rhum,13
1619802753222,IN,siggen/room1/temp,13
1619802753223,OUT,mavg/room1/temp,13
1619802753223,IN,siggen/room2/temp,13
1619802753223,OUT,mavg/room2/temp,13
1619802753472,IN,siggen/room2/rhum,14
1619802753521,OUT,mavg/room2/rhum,14
1619802753521,IN,siggen/room1/temp,14
1619802753523,OUT,mavg/room1/temp,14
1619802753524,IN,siggen/room1/rhum,14
1619802753526,OUT,mavg/room1/rhum,14
1619802753527,IN,siggen/room2/temp,14
1619802753528,OUT,mavg/room2/temp,14
1619802753723,IN,siggen/room2/rhum,15
1619802753723,OUT,mavg/room2/rhum,15
1619802753723,IN,siggen/room1/temp,15
1619802753723,OUT,mavg/room1/temp,15
1619802753724,IN,siggen/room1/rhum,15
1619802753724,OUT,mavg/room1/rhum,15
1619802753724,IN,siggen/room2/temp,15
1619802753725,OUT,mavg/room2/temp,15
1619802753973,IN,siggen/room1/temp,16
1619802754016,OUT,mavg/room1/temp,16
1619802754016,IN,siggen/room1/rhum,16
1619802754017,OUT,mavg/room1/rhum,16
1619802754018,IN,siggen/room2/temp,16
1619802754018,OUT,mavg/room2/temp,16
1619802754019,IN,siggen/room2/rhum,16
1619802754020,OUT,mavg/room2/rhum,16
1619802754224,IN,siggen/room1/rhum,17
1619802754225,OUT,mavg/room1/rhum,17
1619802754225,IN,siggen/room2/rhum,17
1619802754225,OUT,mavg/room2/rhum,17
1619802754225,IN,siggen/room1/temp,17
1619802754226,OUT,mavg/room1/temp,17
1619802754226,IN,siggen/room2/temp,17
1619802754226,OUT,mavg/room2/temp,17
1619802754475,IN,siggen/room1/temp,18
1619802754476,OUT,mavg/room1/temp,18
1619802754476,IN,siggen/room2/rhum,18
1619802754476,OUT,mavg/room2/rhum,18
1619802754476,IN,siggen/room1/rhum,18
1619802754477,OUT,mavg/room1/rhum,18
1619802754477,IN,siggen/room2/temp,18
1619802754477,OUT,mavg/room2/temp,18
1619802754726,IN,siggen/room1/temp,19
1619802754768,OUT,mavg/room1/temp,19
1619802754768,IN,siggen/room2/rhum,19
1619802754769,OUT,mavg/room2/rhum,19
1619802754769,IN,siggen/room1/rhum,19
1619802754770,OUT,mavg/room1/rhum,19
1619802754770,IN,siggen/room2/temp,19
1619802754770,OUT,mavg/room2/temp,19
1619802754977,IN,siggen/room2/rhum,20
1619802754977,OUT,mavg/room2/rhum,20
1619802754978,IN,siggen/room1/temp,20
1619802754978,OUT,mavg/room1/temp,20
1619802754978,IN,siggen/room1/rhum,20
1619802754979,OUT,mavg/room1/rhum,20
1619802754979,IN,siggen/room2/temp,20
1619802754979,OUT,mavg/room2/temp,20
1619802755228,IN,siggen/room2/rhum,21
1619802755229,OUT,mavg/room2/rhum,21
1619802755229,IN,siggen/room1/temp,21
1619802755230,OUT,mavg/room1/temp,21
1619802755230,IN,siggen/room2/temp,21
1619802755230,OUT,mavg/room2/temp,21
1619802755231,IN,siggen/room1/rhum,21
1619802755232,OUT,mavg/room1/rhum,21
1619802755480,IN,siggen/room2/rhum,22
1619802755524,OUT,mavg/room2/rhum,22
1619802755524,IN,siggen/room1/rhum,22
1619802755525,OUT,mavg/room1/rhum,22
1619802755525,IN,siggen/room1/temp,22
1619802755526,OUT,mavg/room1/temp,22
1619802755526,IN,siggen/room2/temp,22
1619802755527,OUT,mavg/room2/temp,22
1619802755734,IN,siggen/room2/temp,23
1619802755735,OUT,mavg/room2/temp,23
1619802755735,IN,siggen/room2/rhum,23
1619802755736,OUT,mavg/room2/rhum,23
1619802755737,IN,siggen/room1/rhum,23
1619802755739,OUT,mavg/room1/rhum,23
1619802755739,IN,siggen/room1/temp,23
1619802755740,OUT,mavg/room1/temp,23
1619802755985,IN,siggen/room2/rhum,24
1619802756032,OUT,mavg/room2/rhum,24
1619802756033,IN,siggen/room1/temp,24
1619802756034,OUT,mavg/room1/temp,24
1619802756034,IN,siggen/room1/rhum,24
1619802756035,OUT,mavg/room1/rhum,24
1619802756036,IN,siggen/room2/temp,24
1619802756037,OUT,mavg/room2/temp,24
1619802756237,IN,siggen/room2/rhum,25
1619802756239,OUT,mavg/room2/rhum,25
1619802756240,IN,siggen/room1/temp,25
1619802756241,OUT,mavg/room1/temp,25
1619802756242,IN,siggen/room1/rhum,25
1619802756244,OUT,mavg/room1/rhum,25
1619802756245,IN,siggen/room2/temp,25
1619802756288,OUT,mavg/room2/temp,25
1619802756490,IN,siggen/room2/rhum,26
1619802756532,OUT,mavg/room2/rhum,26
1619802756533,IN,siggen/room1/temp,26
1619802756535,OUT,mavg/room1/temp,26
1619802756536,IN,siggen/room1/rhum,26
1619802756537,OUT,mavg/room1/rhum,26
1619802756538,IN,siggen/room2/temp,26
1619802756539,OUT,mavg/room2/temp,26
1619802756741,IN,siggen/room1/temp,27
1619802756743,OUT,mavg/room1/temp,27
1619802756743,IN,siggen/room2/rhum,27
1619802756745,OUT,mavg/room2/rhum,27
1619802756745,IN,siggen/room2/temp,27
1619802756788,OUT,mavg/room2/temp,27
1619802756789,IN,siggen/room1/rhum,27
1619802756791,OUT,mavg/room1/rhum,27
1619802756993,IN,siggen/room2/rhum,28
1619802757037,OUT,mavg/room2/rhum,28
1619802757037,IN,siggen/room1/temp,28
1619802757039,OUT,mavg/room1/temp,28
1619802757040,IN,siggen/room1/rhum,28
1619802757041,OUT,mavg/room1/rhum,28
1619802757042,IN,siggen/room2/temp,28
1619802757044,OUT,mavg/room2/temp,28
1619802757245,IN,siggen/room2/rhum,29
1619802757288,OUT,mavg/room2/rhum,29
1619802757289,IN,siggen/room1/rhum,29
1619802757291,OUT,mavg/room1/rhum,29
1619802757292,IN,siggen/room1/temp,29
1619802757293,OUT,mavg/room1/temp,29
1619802757294,IN,siggen/room2/temp,29
1619802757336,OUT,mavg/room2/temp,29
1619802757496,IN,siggen/room2/rhum,30
1619802757497,OUT,mavg/room2/rhum,30
1619802757497,IN,siggen/room1/rhum,30
1619802757498,OUT,mavg/room1/rhum,30
1619802757498,IN,siggen/room2/temp,30
1619802757498,OUT,mavg/room2/temp,30
1619802757499,IN,siggen/room1/temp,30
1619802757499,OUT,mavg/room1/temp,30
1619802757747,IN,siggen/room2/rhum,31
1619802757788,OUT,mavg/room2/rhum,31
1619802757788,IN,siggen/room1/rhum,31
1619802757789,OUT,mavg/room1/rhum,31
1619802757790,IN,siggen/room2/temp,31
1619802757790,OUT,mavg/room2/temp,31
1619802757790,IN,siggen/room1/temp,31
1619802757791,OUT,mavg/room1/temp,31
1619802757998,IN,siggen/room2/rhum,32
1619802757999,OUT,mavg/room2/rhum,32
1619802757999,IN,siggen/room1/temp,32
1619802758000,OUT,mavg/room1/temp,32
1619802758000,IN,siggen/room1/rhum,32
1619802758000,OUT,mavg/room1/rhum,32
1619802758000,IN,siggen/room2/temp,32
1619802758001,OUT,mavg/room2/temp,32
1619802758249,IN,siggen/room2/rhum,33
1619802758292,OUT,mavg/room2/rhum,33
1619802758292,IN,siggen/room2/temp,33
1619802758293,OUT,mavg/room2/temp,33
1619802758293,IN,siggen/room1/temp,33
1619802758294,OUT,mavg/room1/temp,33
1619802758294,IN,siggen/room1/rhum,33
1619802758295,OUT,mavg/room1/rhum,33
1619802758501,IN,siggen/room2/rhum,34
1619802758502,OUT,mavg/room2/rhum,34
1619802758502,IN,siggen/room1/temp,34
1619802758503,OUT,mavg/room1/temp,34
1619802758504,IN,siggen/room2/temp,34
1619802758504,OUT,mavg/room2/temp,34
1619802758505,IN,siggen/room1/rhum,34
1619802758505,OUT,mavg/room1/rhum,34
1619802758751,IN,siggen/room2/rhum,35
1619802758796,OUT,mavg/room2/rhum,35
1619802758796,IN,siggen/room1/temp,35
1619802758840,OUT,mavg/room1/temp,35
1619802758840,IN,siggen/room2/temp,35
1619802758841,OUT,mavg/room2/temp,35
1619802758841,IN,siggen/room1/rhum,35
1619802758842,OUT,mavg/room1/rhum,35
1619802759003,IN,siggen/room1/temp,36
1619802759003,OUT,mavg/room1/temp,36
1619802759004,IN,siggen/room2/rhum,36
1619802759004,OUT,mavg/room2/rhum,36
1619802759005,IN,siggen/room1/rhum,36
1619802759005,OUT,mavg/room1/rhum,36
1619802759006,IN,siggen/room2/temp,36
1619802759006,OUT,mavg/room2/temp,36
1619802759253,IN,siggen/room1/temp,37
1619802759296,OUT,mavg/room1/temp,37
1619802759296,IN,siggen/room1/rhum,37
1619802759296,OUT,mavg/room1/rhum,37
1619802759297,IN,siggen/room2/rhum,37
1619802759297,OUT,mavg/room2/rhum,37
1619802759297,IN,siggen/room2/temp,37
1619802759297,OUT,mavg/room2/temp,37
1619802759505,IN,siggen/room2/rhum,38
1619802759505,OUT,mavg/room2/rhum,38
1619802759505,IN,siggen/room1/rhum,38
1619802759506,OUT,mavg/room1/rhum,38
1619802759506,IN,siggen/room2/temp,38
1619802759507,OUT,mavg/room2/temp,38
1619802759507,IN,siggen/room1/temp,38
1619802759508,OUT,mavg/room1/temp,38
1619802759755,IN,siggen/room2/rhum,39
1619802759800,OUT,mavg/room2/rhum,39
1619802759800,IN,siggen/room1/temp,39
1619802759844,OUT,mavg/room1/temp,39
1619802759844,IN,siggen/room1/rhum,39
1619802759845,OUT,mavg/room1/rhum,39
1619802759846,IN,siggen/room2/temp,39
1619802759846,OUT,mavg/room2/temp,39
1619802760008,IN,siggen/room2/rhum,40
1619802760010,OUT,mavg/room2/rhum,40
1619802760010,IN,siggen/room1/temp,40
1619802760011,OUT,mavg/room1/temp,40
1619802760011,IN,siggen/room1/rhum,40
1619802760011,OUT,mavg/room1/rhum,40
1619802760011,IN,siggen/room2/temp,40
1619802760012,OUT,mavg/room2/temp,40
1619802760258,IN,siggen/room2/rhum,41
1619802760300,OUT,mavg/room2/rhum,41
1619802760301,IN,siggen/room1/temp,41
1619802760303,OUT,mavg/room1/temp,41
1619802760303,IN,siggen/room1/rhum,41
1619802760304,OUT,mavg/room1/rhum,41
1619802760305,IN,siggen/room2/temp,41
1619802760306,OUT,mavg/room2/temp,41
1619802760508,IN,siggen/room1/rhum,42
1619802760509,OUT,mavg/room1/rhum,42
1619802760509,IN,siggen/room2/temp,42
1619802760509,OUT,mavg/room2/temp,42
1619802760509,IN,siggen/room1/temp,42
1619802760510,OUT,mavg/room1/temp,42
1619802760510,IN,siggen/room2/rhum,42
1619802760511,OUT,mavg/room2/rhum,42
1619802760760,IN,siggen/room1/temp,43
1619802760804,OUT,mavg/room1/temp,43
1619802760804,IN,siggen/room1/rhum,43
1619802760805,OUT,mavg/room1/rhum,43
1619802760805,IN,siggen/room2/rhum,43
1619802760805,OUT,mavg/room2/rhum,43
1619802760805,IN,siggen/room2/temp,43
1619802760805,OUT,mavg/room2/temp,43
1619802761012,IN,siggen/room1/temp,44
1619802761013,OUT,mavg/room1/temp,44
1619802761013,IN,siggen/room1/rhum,44
1619802761056,OUT,mavg/room1/rhum,44
1619802761056,IN,siggen/room2/rhum,44
1619802761057,OUT,mavg/room2/rhum,44
1619802761057,IN,siggen/room2/temp,44
1619802761057,OUT,mavg/room2/temp,44
1619802761263,IN,siggen/room2/rhum,45
1619802761308,OUT,mavg/room2/rhum,45
1619802761308,IN,siggen/room1/temp,45
1619802761309,OUT,mavg/room1/temp,45
1619802761309,IN,siggen/room1/rhum,45
1619802761309,OUT,mavg/room1/rhum,45
1619802761309,IN,siggen/room2/temp,45
1619802761310,OUT,mavg/room2/temp,45
1619802761515,IN,siggen/room2/rhum,46
1619802761517,OUT,mavg/room2/rhum,46
1619802761518,IN,siggen/room1/temp,46
1619802761560,OUT,mavg/room1/temp,46
1619802761560,IN,siggen/room1/rhum,46
1619802761561,OUT,mavg/room1/rhum,46
1619802761561,IN,siggen/room2/temp,46
1619802761561,OUT,mavg/room2/temp,46
1619802761768,IN,siggen/room2/rhum,47
1619802761816,OUT,mavg/room2/rhum,47
1619802761816,IN,siggen/room2/temp,47
1619802761816,OUT,mavg/room2/temp,47
1619802761817,IN,siggen/room1/temp,47
1619802761817,OUT,mavg/room1/temp,47
1619802761817,IN,siggen/room1/rhum,47
1619802761818,OUT,mavg/room1/rhum,47
1619802762020,IN,siggen/room2/rhum,48
1619802762021,OUT,mavg/room2/rhum,48
1619802762021,IN,siggen/room1/temp,48
1619802762064,OUT,mavg/room1/temp,48
1619802762064,IN,siggen/room1/rhum,48
1619802762064,OUT,mavg/room1/rhum,48
1619802762064,IN,siggen/room2/temp,48
1619802762065,OUT,mavg/room2/temp,48
1619802762272,IN,siggen/room2/rhum,49
1619802762316,OUT,mavg/room2/rhum,49
1619802762316,IN,siggen/room1/rhum,49
1619802762316,OUT,mavg/room1/rhum,49
1619802762316,IN,siggen/room2/temp,49
1619802762317,OUT,mavg/room2/temp,49
1619802762317,IN,siggen/room1/temp,49
1619802762317,OUT,mavg/room1/temp,49
1619802762524,IN,siggen/room2/rhum,50
1619802762525,OUT,mavg/room2/rhum,50
1619802762526,IN,siggen/room1/temp,50
1619802762568,OUT,mavg/room1/temp,50
1619802762568,IN,siggen/room1/rhum,50
1619802762569,OUT,mavg/room1/rhum,50
1619802762569,IN,siggen/room2/temp,50
1619802762570,OUT,mavg/room2/temp,50
1619802762775,IN,siggen/room2/rhum,51
1619802762820,OUT,mavg/room2/rhum,51
1619802762820,IN,siggen/room1/rhum,51
1619802762821,OUT,mavg/room1/rhum,51
1619802762821,IN,siggen/room1/temp,51
1619802762821,OUT,mavg/room1/temp,51
1619802762821,IN,siggen/room2/temp,51
1619802762822,OUT,mavg/room2/temp,51
1619802763030,IN,siggen/room2/rhum,52
1619802763031,OUT,mavg/room2/rhum,52
1619802763031,IN,siggen/room1/rhum,52
1619802763031,OUT,mavg/room1/rhum,52
1619802763031,IN,siggen/room1/temp,52
1619802763031,OUT,mavg/room1/temp,52
1619802763031,IN,siggen/room2/temp,52
1619802763031,OUT,mavg/room2/temp,52
1619802763278,IN,siggen/room2/rhum,53
1619802763320,OUT,mavg/room2/rhum,53
1619802763320,IN,siggen/room1/temp,53
1619802763321,OUT,mavg/room1/temp,53
1619802763321,IN,siggen/room1/rhum,53
1619802763322,OUT,mavg/room1/rhum,53
1619802763322,IN,siggen/room2/temp,53
1619802763323,OUT,mavg/room2/temp,53
1619802763530,IN,siggen/room2/rhum,54
1619802763531,OUT,mavg/room2/rhum,54
1619802763532,IN,siggen/room1/temp,54
1619802763533,OUT,mavg/room1/temp,54
1619802763534,IN,siggen/room1/rhum,54
1619802763576,OUT,mavg/room1/rhum,54
1619802763576,IN,siggen/room2/temp,54
1619802763576,OUT,mavg/room2/temp,54
1619802763782,IN,siggen/room2/rhum,55
1619802763824,OUT,mavg/room2/rhum,55
1619802763824,IN,siggen/room1/temp,55
1619802763825,OUT,mavg/room1/temp,55
1619802763825,IN,siggen/room1/rhum,55
1619802763826,OUT,mavg/room1/rhum,55
1619802763826,IN,siggen/room2/temp,55
1619802763827,OUT,mavg/room2/temp,55
1619802764034,IN,siggen/room2/rhum,56
1619802764035,OUT,mavg/room2/rhum,56
1619802764035,IN,siggen/room1/temp,56
1619802764036,OUT,mavg/room1/temp,56
1619802764037,IN,siggen/room1/rhum,56
1619802764038,OUT,mavg/room1/rhum,56
1619802764038,IN,siggen/room2/temp,56
1619802764038,OUT,mavg/room2/temp,56
1619802764285,IN,siggen/room2/rhum,57
1619802764328,OUT,mavg/room2/rhum,57
1619802764328,IN,siggen/room1/rhum,57
1619802764329,OUT,mavg/room1/rhum,57
1619802764329,IN,siggen/room1/temp,57
1619802764329,OUT,mavg/room1/temp,57
1619802764329,IN,siggen/room2/temp,57
1619802764329,OUT,mavg/room2/temp,57
1619802764537,IN,siggen/room2/rhum,58
1619802764538,OUT,mavg/room2/rhum,58
1619802764539,IN,siggen/room1/rhum,58
1619802764540,OUT,mavg/room1/rhum,58
1619802764540,IN,siggen/room1/temp,58
1619802764584,OUT,mavg/room1/temp,58
1619802764584,IN,siggen/room2/temp,58
1619802764585,OUT,mavg/room2/temp,58
1619802764789,IN,siggen/room2/rhum,59
1619802764832,OUT,mavg/room2/rhum,59
1619802764833,IN,siggen/room1/temp,59
1619802764834,OUT,mavg/room1/temp,59
1619802764835,IN,siggen/room2/temp,59
1619802764836,OUT,mavg/room2/temp,59
1619802764836,IN,siggen/room1/rhum,59
1619802764838,OUT,mavg/room1/rhum,59
1619802765041,IN,siggen/room2/rhum,60
1619802765042,OUT,mavg/room2/rhum,60
1619802765043,IN,siggen/room1/temp,60
1619802765044,OUT,mavg/room1/temp,60
1619802765044,IN,siggen/room1/rhum,60
1619802765088,OUT,mavg/room1/rhum,60
1619802765088,IN,siggen/room2/temp,60
1619802765089,OUT,mavg/room2/temp,60
1619802765291,IN,siggen/room2/rhum,61
1619802765332,OUT,mavg/room2/rhum,61
1619802765332,IN,siggen/room1/temp,61
1619802765332,OUT,mavg/room1/temp,61
1619802765332,IN,siggen/room2/temp,61
1619802765333,OUT,mavg/room2/temp,61
1619802765333,IN,siggen/room1/rhum,61
1619802765333,OUT,mavg/room1/rhum,61
1619802765542,IN,siggen/room1/temp,62
1619802765542,OUT,mavg/room1/temp,62
1619802765542,IN,siggen/room2/rhum,62
1619802765542,OUT,mavg/room2/rhum,62
1619802765542,IN,siggen/room2/temp,62
1619802765543,OUT,mavg/room2/temp,62
1619802765543,IN,siggen/room1/rhum,62
1619802765543,OUT,mavg/room1/rhum,62
1619802765792,IN,siggen/room2/rhum,63
1619802765836,OUT,mavg/room2/rhum,63
1619802765837,IN,siggen/room1/temp,63
1619802765838,OUT,mavg/room1/temp,63
1619802765839,IN,siggen/room2/temp,63
1619802765840,OUT,mavg/room2/temp,63
1619802765841,IN,siggen/room1/rhum,63
1619802765843,OUT,mavg/room1/rhum,63
1619802766043,IN,siggen/room2/rhum,64
1619802766044,OUT,mavg/room2/rhum,64
1619802766044,IN,siggen/room1/temp,64
1619802766088,OUT,mavg/room1/temp,64
1619802766089,IN,siggen/room1/rhum,64
1619802766090,OUT,mavg/room1/rhum,64
1619802766091,IN,siggen/room2/temp,64
1619802766092,OUT,mavg/room2/temp,64
1619802766294,IN,siggen/room2/rhum,65
1619802766336,OUT,mavg/room2/rhum,65
1619802766336,IN,siggen/room1/temp,65
1619802766337,OUT,mavg/room1/temp,65
1619802766337,IN,siggen/room1/rhum,65
1619802766338,OUT,mavg/room1/rhum,65
1619802766338,IN,siggen/room2/temp,65
1619802766338,OUT,mavg/room2/temp,65
1619802766545,IN,siggen/room2/rhum,66
1619802766545,OUT,mavg/room2/rhum,66
1619802766545,IN,siggen/room1/temp,66
1619802766545,OUT,mavg/room1/temp,66
1619802766545,IN,siggen/room1/rhum,66
1619802766546,OUT,mavg/room1/rhum,66
1619802766546,IN,siggen/room2/temp,66
1619802766546,OUT,mavg/room2/temp,66
1619802766796,IN,siggen/room2/rhum,67
1619802766840,OUT,mavg/room2/rhum,67
1619802766840,IN,siggen/room1/temp,67
1619802766840,OUT,mavg/room1/temp,67
1619802766841,IN,siggen/room1/rhum,67
1619802766841,OUT,mavg/room1/rhum,67
1619802766841,IN,siggen/room2/temp,67
1619802766841,OUT,mavg/room2/temp,67
1619802767046,IN,siggen/room2/rhum,68
1619802767046,OUT,mavg/room2/rhum,68
1619802767047,IN,siggen/room1/temp,68
1619802767047,OUT,mavg/room1/temp,68
1619802767047,IN,siggen/room1/rhum,68
1619802767047,OUT,mavg/room1/rhum,68
1619802767047,IN,siggen/room2/temp,68
1619802767048,OUT,mavg/room2/temp,68
1619802767297,IN,siggen/room1/temp,69
1619802767340,OUT,mavg/room1/temp,69
1619802767340,IN,siggen/room2/rhum,69
1619802767341,OUT,mavg/room2/rhum,69
1619802767341,IN,siggen/room1/rhum,69
1619802767341,OUT,mavg/room1/rhum,69
1619802767341,IN,siggen/room2/temp,69
1619802767341,OUT,mavg/room2/temp,69
1619802767549,IN,siggen/room2/rhum,70
1619802767550,OUT,mavg/room2/rhum,70
1619802767550,IN,siggen/room1/temp,70
1619802767551,OUT,mavg/room1/temp,70
1619802767551,IN,siggen/room1/rhum,70
1619802767552,OUT,mavg/room1/rhum,70
1619802767552,IN,siggen/room2/temp,70
1619802767552,OUT,mavg/room2/temp,70
1619802767800,IN,siggen/room2/rhum,71
1619802767844,OUT,mavg/room2/rhum,71
1619802767844,IN,siggen/room1/temp,71
1619802767888,OUT,mavg/room1/temp,71
1619802767888,IN,siggen/room2/temp,71
1619802767889,OUT,mavg/room2/temp,71
1619802767889,IN,siggen/room1/rhum,71
1619802767889,OUT,mavg/room1/rhum,71
1619802768052,IN,siggen/room2/rhum,72
1619802768054,OUT,mavg/room2/rhum,72
1619802768054,IN,siggen/room1/temp,72
1619802768055,OUT,mavg/room1/temp,72
1619802768056,IN,siggen/room1/rhum,72
1619802768057,OUT,mavg/room1/rhum,72
1619802768057,IN,siggen/room2/temp,72
1619802768100,OUT,mavg/room2/temp,72
1619802768304,IN,siggen/room2/rhum,73
1619802768348,OUT,mavg/room2/rhum,73
1619802768348,IN,siggen/room1/temp,73
1619802768349,OUT,mavg/room1/temp,73
1619802768350,IN,siggen/room2/temp,73
1619802768351,OUT,mavg/room2/temp,73
1619802768351,IN,siggen/room1/rhum,73
1619802768352,OUT,mavg/room1/rhum,73
1619802768556,IN,siggen/room2/rhum,74
1619802768557,OUT,mavg/room2/rhum,74
1619802768557,IN,siggen/room1/temp,74
1619802768559,OUT,mavg/room1/temp,74
1619802768559,IN,siggen/room1/rhum,74
1619802768560,OUT,mavg/room1/rhum,74
1619802768560,IN,siggen/room2/temp,74
1619802768562,OUT,mavg/room2/temp,74
1619802768807,IN,siggen/room2/rhum,75
1619802768852,OUT,mavg/room2/rhum,75
1619802768852,IN,siggen/room2/temp,75
1619802768896,OUT,mavg/room2/temp,75
1619802768896,IN,siggen/room1/temp,75
1619802768896,OUT,mavg/room1/temp,75
1619802768896,IN,siggen/room1/rhum,75
1619802768897,OUT,mavg/room1/rhum,75
1619802769059,IN,siggen/room2/rhum,76
1619802769060,OUT,mavg/room2/rhum,76
1619802769060,IN,siggen/room1/temp,76
1619802769062,OUT,mavg/room1/temp,76
1619802769062,IN,siggen/room1/rhum,76
1619802769063,OUT,mavg/room1/rhum,76
1619802769064,IN,siggen/room2/temp,76
1619802769065,OUT,mavg/room2/temp,76
1619802769310,IN,siggen/room2/rhum,77
1619802769352,OUT,mavg/room2/rhum,77
1619802769352,IN,siggen/room1/temp,77
1619802769353,OUT,mavg/room1/temp,77
1619802769353,IN,siggen/room1/rhum,77
1619802769353,OUT,mavg/room1/rhum,77
1619802769353,IN,siggen/room2/temp,77
1619802769353,OUT,mavg/room2/temp,77
1619802769562,IN,siggen/room2/rhum,78
1619802769563,OUT,mavg/room2/rhum,78
1619802769564,IN,siggen/room1/temp,78
1619802769565,OUT,mavg/room1/temp,78
1619802769565,IN,siggen/room1/rhum,78
1619802769566,OUT,mavg/room1/rhum,78
1619802769567,IN,siggen/room2/temp,78
1619802769568,OUT,mavg/room2/temp,78
1619802769812,IN,siggen/room2/rhum,79
1619802769860,OUT,mavg/room2/rhum,79
1619802769860,IN,siggen/room1/temp,79
1619802769861,OUT,mavg/room1/temp,79
1619802769861,IN,siggen/room2/temp,79
1619802769861,OUT,mavg/room2/temp,79
1619802769861,IN,siggen/room1/rhum,79
1619802769862,OUT,mavg/room1/rhum,79
1619802770063,IN,siggen/room2/rhum,80
1619802770063,OUT,mavg/room2/rhum,80
1619802770064,IN,siggen/room1/temp,80
1619802770108,OUT,mavg/room1/temp,80
1619802770108,IN,siggen/room1/rhum,80
1619802770108,OUT,mavg/room1/rhum,80
1619802770108,IN,siggen/room2/temp,80
1619802770109,OUT,mavg/room2/temp,80
1619802770315,IN,siggen/room2/rhum,81
1619802770356,OUT,mavg/room2/rhum,81
1619802770356,IN,siggen/room1/rhum,81
1619802770356,OUT,mavg/room1/rhum,81
1619802770357,IN,siggen/room2/temp,81
1619802770357,OUT,mavg/room2/temp,81
1619802770357,IN,siggen/room1/temp,81
1619802770357,OUT,mavg/room1/temp,81
1619802770566,IN,siggen/room2/rhum,82
1619802770568,OUT,mavg/room2/rhum,82
1619802770568,IN,siggen/room2/temp,82
1619802770570,OUT,mavg/room2/temp,82
1619802770570,IN,siggen/room1/temp,82
1619802770571,OUT,mavg/room1/temp,82
1619802770571,IN,siggen/room1/rhum,82
1619802770572,OUT,mavg/room1/rhum,82
1619802770818,IN,siggen/room2/rhum,83
1619802770860,OUT,mavg/room2/rhum,83
1619802770860,IN,siggen/room1/temp,83
1619802770861,OUT,mavg/room1/temp,83
1619802770861,IN,siggen/room1/rhum,83
1619802770862,OUT,mavg/room1/rhum,83
1619802770862,IN,siggen/room2/temp,83
1619802770863,OUT,mavg/room2/temp,83
1619802771069,IN,siggen/room2/rhum,84
1619802771070,OUT,mavg/room2/rhum,84
1619802771071,IN,siggen/room1/temp,84
1619802771072,OUT,mavg/room1/temp,84
1619802771072,IN,siggen/room1/rhum,84
1619802771074,OUT,mavg/room1/rhum,84
1619802771074,IN,siggen/room2/temp,84
1619802771075,OUT,mavg/room2/temp,84
1619802771321,IN,siggen/room2/rhum,85
1619802771364,OUT,mavg/room2/rhum,85
1619802771364,IN,siggen/room1/temp,85
1619802771364,OUT,mavg/room1/temp,85
1619802771364,IN,siggen/room1/rhum,85
1619802771365,OUT,mavg/room1/rhum,85
1619802771365,IN,siggen/room2/temp,85
1619802771365,OUT,mavg/room2/temp,85
1619802771572,IN,siggen/room2/rhum,86
1619802771573,OUT,mavg/room2/rhum,86
1619802771573,IN,siggen/room1/temp,86
1619802771574,OUT,mavg/room1/temp,86
1619802771575,IN,siggen/room1/rhum,86
1619802771576,OUT,mavg/room1/rhum,86
1619802771576,IN,siggen/room2/temp,86
1619802771577,OUT,mavg/room2/temp,86
1619802771824,IN,siggen/room2/rhum,87
1619802771825,OUT,mavg/room2/rhum,87
1619802771825,IN,siggen/room1/temp,87
1619802771868,OUT,mavg/room1/temp,87
1619802771869,IN,siggen/room1/rhum,87
1619802771870,OUT,mavg/room1/rhum,87
1619802771870,IN,siggen/room2/temp,87
1619802771871,OUT,mavg/room2/temp,87
1619802772075,IN,siggen/room2/rhum,88
1619802772120,OUT,mavg/room2/rhum,88
1619802772121,IN,siggen/room1/temp,88
1619802772122,OUT,mavg/room1/temp,88
1619802772122,IN,siggen/room1/rhum,88
1619802772123,OUT,mavg/room1/rhum,88
1619802772124,IN,siggen/room2/temp,88
1619802772125,OUT,mavg/room2/temp,88
1619802772327,IN,siggen/room2/rhum,89
1619802772328,OUT,mavg/room2/rhum,89
1619802772328,IN,siggen/room1/temp,89
1619802772330,OUT,mavg/room1/temp,89
1619802772330,IN,siggen/room1/rhum,89
1619802772331,OUT,mavg/room1/rhum,89
1619802772332,IN,siggen/room2/temp,89
1619802772333,OUT,mavg/room2/temp,89
1619802772578,IN,siggen/room2/rhum,90
1619802772620,OUT,mavg/room2/rhum,90
1619802772621,IN,siggen/room1/temp,90
1619802772622,OUT,mavg/room1/temp,90
1619802772622,IN,siggen/room1/rhum,90
1619802772623,OUT,mavg/room1/rhum,90
1619802772624,IN,siggen/room2/temp,90
1619802772625,OUT,mavg/room2/temp,90
1619802772830,IN,siggen/room2/rhum,91
1619802772831,OUT,mavg/room2/rhum,91
1619802772831,IN,siggen/room1/temp,91
1619802772832,OUT,mavg/room1/temp,91
1619802772833,IN,siggen/room1/rhum,91
1619802772876,OUT,mavg/room1/rhum,91
1619802772877,IN,siggen/room2/temp,91
1619802772878,OUT,mavg/room2/temp,91
1619802773081,IN,siggen/room2/rhum,92
1619802773124,OUT,mavg/room2/rhum,92
1619802773125,IN,siggen/room2/temp,92
1619802773126,OUT,mavg/room2/temp,92
1619802773126,IN,siggen/room1/temp,92
1619802773127,OUT,mavg/room1/temp,92
1619802773128,IN,siggen/room1/rhum,92
1619802773129,OUT,mavg/room1/rhum,92
1619802773333,IN,siggen/room2/rhum,93
1619802773334,OUT,mavg/room2/rhum,93
1619802773335,IN,siggen/room1/temp,93
1619802773336,OUT,mavg/room1/temp,93
1619802773336,IN,siggen/room1/rhum,93
1619802773380,OUT,mavg/room1/rhum,93
1619802773381,IN,siggen/room2/temp,93
1619802773382,OUT,mavg/room2/temp,93
1619802773585,IN,siggen/room2/rhum,94
1619802773628,OUT,mavg/room2/rhum,94
1619802773629,IN,siggen/room1/temp,94
1619802773630,OUT,mavg/room1/temp,94
1619802773630,IN,siggen/room1/rhum,94
1619802773631,OUT,mavg/room1/rhum,94
1619802773632,IN,siggen/room2/temp,94
1619802773633,OUT,mavg/room2/temp,94
1619802773836,IN,siggen/room2/rhum,95
1619802773837,OUT,mavg/room2/rhum,95
1619802773837,IN,siggen/room1/rhum,95
1619802773880,OUT,mavg/room1/rhum,95
1619802773881,IN,siggen/room1/temp,95
1619802773882,OUT,mavg/room1/temp,95
1619802773882,IN,siggen/room2/temp,95
1619802773884,OUT,mavg/room2/temp,95
1619802774086,IN,siggen/room2/rhum,96
1619802774128,OUT,mavg/room2/rhum,96
1619802774129,IN,siggen/room1/temp,96
1619802774130,OUT,mavg/room1/temp,96
1619802774131,IN,siggen/room1/rhum,96
1619802774132,OUT,mavg/room1/rhum,96
1619802774132,IN,siggen/room2/temp,96
1619802774133,OUT,mavg/room2/temp,96
1619802774337,IN,siggen/room2/rhum,97
1619802774338,OUT,mavg/room2/rhum,97
1619802774338,IN,siggen/room1/temp,97
1619802774339,OUT,mavg/room1/temp,97
1619802774339,IN,siggen/room1/rhum,97
1619802774340,OUT,mavg/room1/rhum,97
1619802774340,IN,siggen/room2/temp,97
1619802774384,OUT,mavg/room2/temp,97
1619802774588,IN,siggen/room2/rhum,98
1619802774632,OUT,mavg/room2/rhum,98
1619802774632,IN,siggen/room1/temp,98
1619802774633,OUT,mavg/room1/temp,98
1619802774634,IN,siggen/room1/rhum,98
1619802774635,OUT,mavg/room1/rhum,98
1619802774635,IN,siggen/room2/temp,98
1619802774636,OUT,mavg/room2/temp,98
1619802774839,IN,siggen/room2/rhum,99
1619802774840,OUT,mavg/room2/rhum,99
1619802774840,IN,siggen/room1/temp,99
1619802774884,OUT,mavg/room1/temp,99
1619802774885,IN,siggen/room1/rhum,99
1619802774886,OUT,mavg/room1/rhum,99
1619802774886,IN,siggen/room2/temp,99
1619802774887,OUT,mavg/room2/temp,99
1619802775090,IN,siggen/room2/rhum,100
1619802775132,OUT,mavg/room2/rhum,100
1619802775133,IN,siggen/room1/temp,100
1619802775134,OUT,mavg/room1/temp,100
1619802775134,IN,siggen/room1/rhum,100
1619802775135,OUT,mavg/room1/rhum,100
1619802775135,IN,siggen/room2/temp,100
1619802775137,OUT,mavg/room2/temp,100
1619802775342,IN,siggen/room2/rhum,101
1619802775343,OUT,mavg/room2/rhum,101
1619802775343,IN,siggen/room1/temp,101
1619802775344,OUT,mavg/room1/temp,101
1619802775344,IN,siggen/room1/rhum,101
1619802775388,OUT,mavg/room1/rhum,101
1619802775388,IN,siggen/room2/temp,101
1619802775388,OUT,mavg/room2/temp,101
1619802775593,IN,siggen/room2/rhum,102
1619802775636,OUT,mavg/room2/rhum,102
1619802775637,IN,siggen/room1/temp,102
1619802775638,OUT,mavg/room1/temp,102
1619802775638,IN,siggen/room1/rhum,102
1619802775639,OUT,mavg/room1/rhum,102
1619802775640,IN,siggen/room2/temp,102
1619802775641,OUT,mavg/room2/temp,102
1619802775845,IN,siggen/room2/rhum,103
1619802775846,OUT,mavg/room2/rhum,103
1619802775846,IN,siggen/room1/temp,103
1619802775847,OUT,mavg/room1/temp,103
1619802775847,IN,siggen/room1/rhum,103
1619802775849,OUT,mavg/room1/rhum,103
1619802775849,IN,siggen/room2/temp,103
1619802775892,OUT,mavg/room2/temp,103
1619802776095,IN,siggen/room2/rhum,104
1619802776140,OUT,mavg/room2/rhum,104
1619802776141,IN,siggen/room1/rhum,104
1619802776142,OUT,mavg/room1/rhum,104
1619802776142,IN,siggen/room1/temp,104
1619802776143,OUT,mavg/room1/temp,104
1619802776144,IN,siggen/room2/temp,104
1619802776145,OUT,mavg/room2/temp,104
1619802776346,IN,siggen/room2/rhum,105
1619802776347,OUT,mavg/room2/rhum,105
1619802776347,IN,siggen/room1/temp,105
1619802776348,OUT,mavg/room1/temp,105
1619802776348,IN,siggen/room1/rhum,105
1619802776348,OUT,mavg/room1/rhum,105
1619802776349,IN,siggen/room2/temp,105
1619802776349,OUT,mavg/room2/temp,105
1619802776597,IN,siggen/room2/rhum,106
1619802776640,OUT,mavg/room2/rhum,106
1619802776641,IN,siggen/room1/temp,106
1619802776642,OUT,mavg/room1/temp,106
1619802776642,IN,siggen/room1/rhum,106
1619802776643,OUT,mavg/room1/rhum,106
1619802776644,IN,siggen/room2/temp,106
1619802776645,OUT,mavg/room2/temp,106
1619802776847,IN,siggen/room2/rhum,107
1619802776892,OUT,mavg/room2/rhum,107
1619802776893,IN,siggen/room1/rhum,107
1619802776894,OUT,mavg/room1/rhum,107
1619802776894,IN,siggen/room2/temp,107
1619802776895,OUT,mavg/room2/temp,107
1619802776895,IN,siggen/room1/temp,107
1619802776897,OUT,mavg/room1/temp,107
1619802777098,IN,siggen/room2/rhum,108
1619802777099,OUT,mavg/room2/rhum,108
1619802777099,IN,siggen/room1/temp,108
1619802777099,OUT,mavg/room1/temp,108
1619802777099,IN,siggen/room1/rhum,108
1619802777100,OUT,mavg/room1/rhum,108
1619802777100,IN,siggen/room2/temp,108
1619802777100,OUT,mavg/room2/temp,108
1619802777349,IN,siggen/room2/rhum,109
1619802777392,OUT,mavg/room2/rhum,109
1619802777392,IN,siggen/room1/temp,109
1619802777393,OUT,mavg/room1/temp,109
1619802777393,IN,siggen/room1/rhum,109
1619802777393,OUT,mavg/room1/rhum,109
1619802777393,IN,siggen/room2/temp,109
1619802777394,OUT,mavg/room2/temp,109
1619802777599,IN,siggen/room2/rhum,110
1619802777600,OUT,mavg/room2/rhum,110
1619802777600,IN,siggen/room1/temp,110
1619802777600,OUT,mavg/room1/temp,110
1619802777600,IN,siggen/room1/rhum,110
1619802777600,OUT,mavg/room1/rhum,110
1619802777600,IN,siggen/room2/temp,110
1619802777601,OUT,mavg/room2/temp,110
1619802777850,IN,siggen/room1/temp,111
1619802777892,OUT,mavg/room1/temp,111
1619802777892,IN,siggen/room1/rhum,111
1619802777892,OUT,mavg/room1/rhum,111
1619802777893,IN,siggen/room2/rhum,111
1619802777893,OUT,mavg/room2/rhum,111
1619802777893,IN,siggen/room2/temp,111
1619802777893,OUT,mavg/room2/temp,111
1619802778101,IN,siggen/room2/rhum,112
1619802778101,OUT,mavg/room2/rhum,112
1619802778102,IN,siggen/room1/temp,112
1619802778102,OUT,mavg/room1/temp,112
1619802778102,IN,siggen/room1/rhum,112
1619802778102,OUT,mavg/room1/rhum,112
1619802778103,IN,siggen/room2/temp,112
1619802778103,OUT,mavg/room2/temp,112
1619802778352,IN,siggen/room2/rhum,113
1619802778396,OUT,mavg/room2/rhum,113
1619802778396,IN,siggen/room1/temp,113
1619802778396,OUT,mavg/room1/temp,113
1619802778396,IN,siggen/room1/rhum,113
1619802778396,OUT,mavg/room1/rhum,113
1619802778397,IN,siggen/room2/temp,113
1619802778397,OUT,mavg/room2/temp,113
1619802778604,IN,siggen/room1/temp,114
1619802778652,OUT,mavg/room1/temp,114
1619802778652,IN,siggen/room2/rhum,114
1619802778696,OUT,mavg/room2/rhum,114
1619802778696,IN,siggen/room1/rhum,114
1619802778697,OUT,mavg/room1/rhum,114
1619802778697,IN,siggen/room2/temp,114
1619802778697,OUT,mavg/room2/temp,114
1619802778855,IN,siggen/room1/temp,115
1619802778856,OUT,mavg/room1/temp,115
1619802778856,IN,siggen/room2/rhum,115
1619802778857,OUT,mavg/room2/rhum,115
1619802778858,IN,siggen/room1/rhum,115
1619802778859,OUT,mavg/room1/rhum,115
1619802778859,IN,siggen/room2/temp,115
1619802778860,OUT,mavg/room2/temp,115
1619802779106,IN,siggen/room1/temp,116
1619802779148,OUT,mavg/room1/temp,116
1619802779148,IN,siggen/room2/rhum,116
1619802779148,OUT,mavg/room2/rhum,116
1619802779148,IN,siggen/room1/rhum,116
1619802779149,OUT,mavg/room1/rhum,116
1619802779149,IN,siggen/room2/temp,116
1619802779149,OUT,mavg/room2/temp,116
1619802779358,IN,siggen/room2/rhum,117
1619802779359,OUT,mavg/room2/rhum,117
1619802779359,IN,siggen/room1/temp,117
1619802779360,OUT,mavg/room1/temp,117
1619802779360,IN,siggen/room1/rhum,117
1619802779361,OUT,mavg/room1/rhum,117
1619802779362,IN,siggen/room2/temp,117
1619802779363,OUT,mavg/room2/temp,117
1619802779609,IN,siggen/room2/rhum,118
1619802779652,OUT,mavg/room2/rhum,118
1619802779652,IN,siggen/room1/rhum,118
1619802779652,OUT,mavg/room1/rhum,118
1619802779652,IN,siggen/room1/temp,118
1619802779653,OUT,mavg/room1/temp,118
1619802779653,IN,siggen/room2/temp,118
1619802779653,OUT,mavg/room2/temp,118
1619802779860,IN,siggen/room2/rhum,119
1619802779861,OUT,mavg/room2/rhum,119
1619802779861,IN,siggen/room1/temp,119
1619802779863,OUT,mavg/room1/temp,119
1619802779863,IN,siggen/room1/rhum,119
1619802779864,OUT,mavg/room1/rhum,119
1619802779864,IN,siggen/room2/temp,119
1619802779865,OUT,mavg/room2/temp,119
1619802780112,IN,siggen/room2/rhum,120
1619802780156,OUT,mavg/room2/rhum,120
1619802780156,IN,siggen/room1/temp,120
1619802780204,OUT,mavg/room1/temp,120
1619802780204,IN,siggen/room1/rhum,120
1619802780205,OUT,mavg/room1/rhum,120
1619802780205,IN,siggen/room2/temp,120
1619802780205,OUT,mavg/room2/temp,120
1619802780363,IN,siggen/room2/rhum,121
1619802780364,OUT,mavg/room2/rhum,121
1619802780364,IN,siggen/room1/temp,121
1619802780365,OUT,mavg/room1/temp,121
1619802780365,IN,siggen/room1/rhum,121
1619802780366,OUT,mavg/room1/rhum,121
1619802780366,IN,siggen/room2/temp,121
1619802780367,OUT,mavg/room2/temp,121
1619802780614,IN,siggen/room2/rhum,122
1619802780656,OUT,mavg/room2/rhum,122
1619802780656,IN,siggen/room1/temp,122
1619802780656,OUT,mavg/room1/temp,122
1619802780656,IN,siggen/room1/rhum,122
1619802780657,OUT,mavg/room1/rhum,122
1619802780657,IN,siggen/room2/temp,122
1619802780657,OUT,mavg/room2/temp,122
1619802780866,IN,siggen/room2/rhum,123
1619802780867,OUT,mavg/room2/rhum,123
1619802780867,IN,siggen/room1/temp,123
1619802780868,OUT,mavg/room1/temp,123
1619802780868,IN,siggen/room1/rhum,123
1619802780912,OUT,mavg/room1/rhum,123
1619802780912,IN,siggen/room2/temp,123
1619802780912,OUT,mavg/room2/temp,123
1619802781117,IN,siggen/room2/rhum,124
1619802781160,OUT,mavg/room2/rhum,124
1619802781160,IN,siggen/room1/temp,124
1619802781162,OUT,mavg/room1/temp,124
1619802781162,IN,siggen/room1/rhum,124
1619802781163,OUT,mavg/room1/rhum,124
1619802781163,IN,siggen/room2/temp,124
1619802781164,OUT,mavg/room2/temp,124
1619802781369,IN,siggen/room2/rhum,125
1619802781370,OUT,mavg/room2/rhum,125
1619802781370,IN,siggen/room1/temp,125
1619802781371,OUT,mavg/room1/temp,125
1619802781372,IN,siggen/room1/rhum,125
1619802781373,OUT,mavg/room1/rhum,125
1619802781373,IN,siggen/room2/temp,125
1619802781416,OUT,mavg/room2/temp,125
1619802781620,IN,siggen/room1/temp,126
1619802781664,OUT,mavg/room1/temp,126
1619802781665,IN,siggen/room2/rhum,126
1619802781666,OUT,mavg/room2/rhum,126
1619802781666,IN,siggen/room1/rhum,126
1619802781667,OUT,mavg/room1/rhum,126
1619802781667,IN,siggen/room2/temp,126
1619802781668,OUT,mavg/room2/temp,126
1619802781872,IN,siggen/room2/rhum,127
1619802781873,OUT,mavg/room2/rhum,127
1619802781873,IN,siggen/room1/temp,127
1619802781874,OUT,mavg/room1/temp,127
1619802781874,IN,siggen/room1/rhum,127
1619802781875,OUT,mavg/room1/rhum,127
1619802781876,IN,siggen/room2/temp,127
1619802781877,OUT,mavg/room2/temp,127
1619802782123,IN,siggen/room1/temp,128
1619802782168,OUT,mavg/room1/temp,128
1619802782169,IN,siggen/room2/rhum,128
1619802782170,OUT,mavg/room2/rhum,128
1619802782170,IN,siggen/room1/rhum,128
1619802782171,OUT,mavg/room1/rhum,128
1619802782171,IN,siggen/room2/temp,128
1619802782173,OUT,mavg/room2/temp,128
1619802782375,IN,siggen/room2/rhum,129
1619802782376,OUT,mavg/room2/rhum,129
1619802782376,IN,siggen/room1/temp,129
1619802782377,OUT,mavg/room1/temp,129
1619802782377,IN,siggen/room2/temp,129
1619802782378,OUT,mavg/room2/temp,129
1619802782378,IN,siggen/room1/rhum,129
1619802782379,OUT,mavg/room1/rhum,129
1619802782626,IN,siggen/room2/rhum,130
1619802782668,OUT,mavg/room2/rhum,130
1619802782669,IN,siggen/room1/temp,130
1619802782670,OUT,mavg/room1/temp,130
1619802782670,IN,siggen/room1/rhum,130
1619802782671,OUT,mavg/room1/rhum,130
1619802782671,IN,siggen/room2/temp,130
1619802782672,OUT,mavg/room2/temp,130
1619802782876,IN,siggen/room1/temp,131
1619802782877,OUT,mavg/room1/temp,131
1619802782877,IN,siggen/room2/rhum,131
1619802782877,OUT,mavg/room2/rhum,131
1619802782878,IN,siggen/room1/rhum,131
1619802782878,OUT,mavg/room1/rhum,131
1619802782878,IN,siggen/room2/temp,131
1619802782878,OUT,mavg/room2/temp,131
1619802783127,IN,siggen/room2/rhum,132
1619802783168,OUT,mavg/room2/rhum,132
1619802783168,IN,siggen/room1/temp,132
1619802783169,OUT,mavg/room1/temp,132
1619802783169,IN,siggen/room2/temp,132
1619802783170,OUT,mavg/room2/temp,132
1619802783170,IN,siggen/room1/rhum,132
1619802783171,OUT,mavg/room1/rhum,132
1619802783378,IN,siggen/room2/rhum,133
1619802783378,OUT,mavg/room2/rhum,133
1619802783378,IN,siggen/room1/temp,133
1619802783378,OUT,mavg/room1/temp,133
1619802783378,IN,siggen/room1/rhum,133
1619802783379,OUT,mavg/room1/rhum,133
1619802783379,IN,siggen/room2/temp,133
1619802783379,OUT,mavg/room2/temp,133
1619802783628,IN,siggen/room1/temp,134
1619802783672,OUT,mavg/room1/temp,134
1619802783673,IN,siggen/room2/temp,134
1619802783674,OUT,mavg/room2/temp,134
1619802783674,IN,siggen/room2/rhum,134
1619802783675,OUT,mavg/room2/rhum,134
1619802783675,IN,siggen/room1/rhum,134
1619802783676,OUT,mavg/room1/rhum,134
1619802783879,IN,siggen/room2/rhum,135
1619802783879,OUT,mavg/room2/rhum,135
1619802783880,IN,siggen/room1/temp,135
1619802783880,OUT,mavg/room1/temp,135
1619802783880,IN,siggen/room1/rhum,135
1619802783881,OUT,mavg/room1/rhum,135
1619802783881,IN,siggen/room2/temp,135
1619802783881,OUT,mavg/room2/temp,135
1619802784131,IN,siggen/room2/rhum,136
1619802784172,OUT,mavg/room2/rhum,136
1619802784172,IN,siggen/room1/temp,136
1619802784172,OUT,mavg/room1/temp,136
1619802784173,IN,siggen/room1/rhum,136
1619802784173,OUT,mavg/room1/rhum,136
1619802784173,IN,siggen/room2/temp,136
1619802784173,OUT,mavg/room2/temp,136
1619802784382,IN,siggen/room2/rhum,137
1619802784383,OUT,mavg/room2/rhum,137
1619802784383,IN,siggen/room1/temp,137
1619802784384,OUT,mavg/room1/temp,137
1619802784385,IN,siggen/room1/rhum,137
1619802784428,OUT,mavg/room1/rhum,137
1619802784428,IN,siggen/room2/temp,137
1619802784429,OUT,mavg/room2/temp,137
1619802784634,IN,siggen/room2/rhum,138
1619802784676,OUT,mavg/room2/rhum,138
1619802784676,IN,siggen/room1/rhum,138
1619802784678,OUT,mavg/room1/rhum,138
1619802784678,IN,siggen/room1/temp,138
1619802784679,OUT,mavg/room1/temp,138
1619802784679,IN,siggen/room2/temp,138
1619802784680,OUT,mavg/room2/temp,138
1619802784884,IN,siggen/room2/rhum,139
1619802784884,OUT,mavg/room2/rhum,139
1619802784884,IN,siggen/room1/rhum,139
1619802784885,OUT,mavg/room1/rhum,139
1619802784885,IN,siggen/room2/temp,139
1619802784885,OUT,mavg/room2/temp,139
1619802784885,IN,siggen/room1/temp,139
1619802784886,OUT,mavg/room1/temp,139
1619802785136,IN,siggen/room2/rhum,140
1619802785180,OUT,mavg/room2/rhum,140
1619802785181,IN,siggen/room1/temp,140
1619802785182,OUT,mavg/room1/temp,140
1619802785182,IN,siggen/room1/rhum,140
1619802785183,OUT,mavg/room1/rhum,140
1619802785183,IN,siggen/room2/temp,140
1619802785185,OUT,mavg/room2/temp,140
1619802785387,IN,siggen/room2/temp,141
1619802785388,OUT,mavg/room2/temp,141
1619802785389,IN,siggen/room2/rhum,141
1619802785390,OUT,mavg/room2/rhum,141
1619802785390,IN,siggen/room1/temp,141
1619802785391,OUT,mavg/room1/temp,141
1619802785391,IN,siggen/room1/rhum,141
1619802785391,OUT,mavg/room1/rhum,141
1619802785639,IN,siggen/room2/rhum,142
1619802785684,OUT,mavg/room2/rhum,142
1619802785684,IN,siggen/room2/temp,142
1619802785684,OUT,mavg/room2/temp,142
1619802785684,IN,siggen/room1/temp,142
1619802785685,OUT,mavg/room1/temp,142
1619802785685,IN,siggen/room1/rhum,142
1619802785685,OUT,mavg/room1/rhum,142
1619802785890,IN,siggen/room2/rhum,143
1619802785891,OUT,mavg/room2/rhum,143
1619802785891,IN,siggen/room1/rhum,143
1619802785892,OUT,mavg/room1/rhum,143
1619802785893,IN,siggen/room2/temp,143
1619802785936,OUT,mavg/room2/temp,143
1619802785936,IN,siggen/room1/temp,143
1619802785936,OUT,mavg/room1/temp,143
1619802786142,IN,siggen/room2/rhum,144
1619802786184,OUT,mavg/room2/rhum,144
1619802786184,IN,siggen/room1/temp,144
1619802786184,OUT,mavg/room1/temp,144
1619802786184,IN,siggen/room1/rhum,144
1619802786184,OUT,mavg/room1/rhum,144
1619802786184,IN,siggen/room2/temp,144
1619802786185,OUT,mavg/room2/temp,144
1619802786393,IN,siggen/room2/rhum,145
1619802786394,OUT,mavg/room2/rhum,145
1619802786394,IN,siggen/room1/temp,145
1619802786395,OUT,mavg/room1/temp,145
1619802786396,IN,siggen/room1/rhum,145
1619802786396,OUT,mavg/room1/rhum,145
1619802786397,IN,siggen/room2/temp,145
1619802786398,OUT,mavg/room2/temp,145
1619802786645,IN,siggen/room2/rhum,146
1619802786688,OUT,mavg/room2/rhum,146
1619802786688,IN,siggen/room1/temp,146
1619802786689,OUT,mavg/room1/temp,146
1619802786690,IN,siggen/room1/rhum,146
1619802786690,OUT,mavg/room1/rhum,146
1619802786691,IN,siggen/room2/temp,146
1619802786691,OUT,mavg/room2/temp,146
1619802786896,IN,siggen/room2/rhum,147
1619802786897,OUT,mavg/room2/rhum,147
1619802786898,IN,siggen/room1/temp,147
1619802786899,OUT,mavg/room1/temp,147
1619802786899,IN,siggen/room1/rhum,147
1619802786900,OUT,mavg/room1/rhum,147
1619802786901,IN,siggen/room2/temp,147
1619802786944,OUT,mavg/room2/temp,147
1619802787147,IN,siggen/room2/rhum,148
1619802787192,OUT,mavg/room2/rhum,148
1619802787192,IN,siggen/room1/rhum,148
1619802787194,OUT,mavg/room1/rhum,148
1619802787194,IN,siggen/room1/temp,148
1619802787195,OUT,mavg/room1/temp,148
1619802787195,IN,siggen/room2/temp,148
1619802787196,OUT,mavg/room2/temp,148
1619802787399,IN,siggen/room2/rhum,149
1619802787444,OUT,mavg/room2/rhum,149
1619802787444,IN,siggen/room1/temp,149
1619802787492,OUT,mavg/room1/temp,149
1619802787493,IN,siggen/room1/rhum,149
1619802787494,OUT,mavg/room1/rhum,149
1619802787494,IN,siggen/room2/temp,149
1619802787495,OUT,mavg/room2/temp,149
1619802787650,IN,siggen/room2/rhum,150
1619802787651,OUT,mavg/room2/rhum,150
1619802787652,IN,siggen/room1/temp,150
1619802787652,OUT,mavg/room1/temp,150
1619802787653,IN,siggen/room1/rhum,150
1619802787653,OUT,mavg/room1/rhum,150
1619802787653,IN,siggen/room2/temp,150
1619802787654,OUT,mavg/room2/temp,150
1619802787900,IN,siggen/room2/rhum,151
1619802787944,OUT,mavg/room2/rhum,151
1619802787944,IN,siggen/room1/temp,151
1619802787944,OUT,mavg/room1/temp,151
1619802787944,IN,siggen/room1/rhum,151
1619802787945,OUT,mavg/room1/rhum,151
1619802787945,IN,siggen/room2/temp,151
1619802787945,OUT,mavg/room2/temp,151
1619802788151,IN,siggen/room1/temp,152
1619802788152,OUT,mavg/room1/temp,152
1619802788152,IN,siggen/room2/rhum,152
1619802788196,OUT,mavg/room2/rhum,152
1619802788196,IN,siggen/room1/rhum,152
1619802788197,OUT,mavg/room1/rhum,152
1619802788197,IN,siggen/room2/temp,152
1619802788197,OUT,mavg/room2/temp,152
1619802788402,IN,siggen/room2/rhum,153
1619802788444,OUT,mavg/room2/rhum,153
1619802788444,IN,siggen/room1/temp,153
1619802788444,OUT,mavg/room1/temp,153
1619802788444,IN,siggen/room1/rhum,153
1619802788445,OUT,mavg/room1/rhum,153
1619802788445,IN,siggen/room2/temp,153
1619802788445,OUT,mavg/room2/temp,153
1619802788654,IN,siggen/room2/rhum,154
1619802788654,OUT,mavg/room2/rhum,154
1619802788655,IN,siggen/room1/temp,154
1619802788655,OUT,mavg/room1/temp,154
1619802788656,IN,siggen/room1/rhum,154
1619802788656,OUT,mavg/room1/rhum,154
1619802788656,IN,siggen/room2/temp,154
1619802788657,OUT,mavg/room2/temp,154
1619802788905,IN,siggen/room2/rhum,155
1619802788952,OUT,mavg/room2/rhum,155
1619802788952,IN,siggen/room1/temp,155
1619802788952,OUT,mavg/room1/temp,155
1619802788952,IN,siggen/room1/rhum,155
1619802788953,OUT,mavg/room1/rhum,155
1619802788953,IN,siggen/room2/temp,155
1619802788953,OUT,mavg/room2/temp,155
1619802789156,IN,siggen/room2/rhum,156
1619802789157,OUT,mavg/room2/rhum,156
1619802789158,IN,siggen/room1/temp,156
1619802789159,OUT,mavg/room1/temp,156
1619802789159,IN,siggen/room1/rhum,156
1619802789160,OUT,mavg/room1/rhum,156
1619802789160,IN,siggen/room2/temp,156
1619802789163,OUT,mavg/room2/temp,156
1619802789408,IN,siggen/room2/rhum,157
1619802789452,OUT,mavg/room2/rhum,157
1619802789452,IN,siggen/room1/temp,157
1619802789452,OUT,mavg/room1/temp,157
1619802789452,IN,siggen/room1/rhum,157
1619802789453,OUT,mavg/room1/rhum,157
1619802789453,IN,siggen/room2/temp,157
1619802789453,OUT,mavg/room2/temp,157
1619802789659,IN,siggen/room2/rhum,158
1619802789660,OUT,mavg/room2/rhum,158
1619802789661,IN,siggen/room1/temp,158
1619802789704,OUT,mavg/room1/temp,158
1619802789704,IN,siggen/room1/rhum,158
1619802789704,OUT,mavg/room1/rhum,158
1619802789704,IN,siggen/room2/temp,158
1619802789705,OUT,mavg/room2/temp,158
1619802789910,IN,siggen/room2/rhum,159
1619802789952,OUT,mavg/room2/rhum,159
1619802789952,IN,siggen/room1/temp,159
1619802789953,OUT,mavg/room1/temp,159
1619802789953,IN,siggen/room1/rhum,159
1619802789953,OUT,mavg/room1/rhum,159
1619802789953,IN,siggen/room2/temp,159
1619802789953,OUT,mavg/room2/temp,159
1619802790160,IN,siggen/room1/rhum,160
1619802790160,OUT,mavg/room1/rhum,160
1619802790160,IN,siggen/room2/rhum,160
1619802790161,OUT,mavg/room2/rhum,160
1619802790161,IN,siggen/room1/temp,160
1619802790161,OUT,mavg/room1/temp,160
1619802790161,IN,siggen/room2/temp,160
1619802790161,OUT,mavg/room2/temp,160
1619802790411,IN,siggen/room1/temp,161
1619802790452,OUT,mavg/room1/temp,161
1619802790452,IN,siggen/room2/rhum,161
1619802790453,OUT,mavg/room2/rhum,161
1619802790453,IN,siggen/room1/rhum,161
1619802790454,OUT,mavg/room1/rhum,161
1619802790454,IN,siggen/room2/temp,161
1619802790455,OUT,mavg/room2/temp,161
1619802790662,IN,siggen/room2/rhum,162
1619802790662,OUT,mavg/room2/rhum,162
1619802790662,IN,siggen/room1/temp,162
1619802790663,OUT,mavg/room1/temp,162
1619802790663,IN,siggen/room1/rhum,162
1619802790663,OUT,mavg/room1/rhum,162
1619802790663,IN,siggen/room2/temp,162
1619802790664,OUT,mavg/room2/temp,162
1619802790913,IN,siggen/room2/rhum,163
1619802790956,OUT,mavg/room2/rhum,163
1619802790956,IN,siggen/room1/temp,163
1619802790956,OUT,mavg/room1/temp,163
1619802790957,IN,siggen/room1/rhum,163
1619802790957,OUT,mavg/room1/rhum,163
1619802790957,IN,siggen/room2/temp,163
1619802790958,OUT,mavg/room2/temp,163
1619802791165,IN,siggen/room2/rhum,164
1619802791165,OUT,mavg/room2/rhum,164
1619802791166,IN,siggen/room1/rhum,164
1619802791167,OUT,mavg/room1/rhum,164
1619802791167,IN,siggen/room1/temp,164
1619802791168,OUT,mavg/room1/temp,164
1619802791168,IN,siggen/room2/temp,164
1619802791169,OUT,mavg/room2/temp,164
1619802791416,IN,siggen/room2/rhum,165
1619802791460,OUT,mavg/room2/rhum,165
1619802791460,IN,siggen/room1/temp,165
1619802791504,OUT,mavg/room1/temp,165
1619802791504,IN,siggen/room1/rhum,165
1619802791504,OUT,mavg/room1/rhum,165
1619802791505,IN,siggen/room2/temp,165
1619802791505,OUT,mavg/room2/temp,165
1619802791667,IN,siggen/room2/rhum,166
1619802791668,OUT,mavg/room2/rhum,166
1619802791668,IN,siggen/room1/temp,166
1619802791669,OUT,mavg/room1/temp,166
1619802791670,IN,siggen/room1/rhum,166
1619802791671,OUT,mavg/room1/rhum,166
1619802791671,IN,siggen/room2/temp,166
1619802791672,OUT,mavg/room2/temp,166
1619802791918,IN,siggen/room1/rhum,167
1619802791960,OUT,mavg/room1/rhum,167
1619802791960,IN,siggen/room2/rhum,167
1619802791961,OUT,mavg/room2/rhum,167
1619802791961,IN,siggen/room1/temp,167
1619802791962,OUT,mavg/room1/temp,167
1619802791963,IN,siggen/room2/temp,167
1619802791964,OUT,mavg/room2/temp,167
1619802792170,IN,siggen/room2/rhum,168
1619802792212,OUT,mavg/room2/rhum,168
1619802792213,IN,siggen/room1/temp,168
1619802792214,OUT,mavg/room1/temp,168
1619802792214,IN,siggen/room1/rhum,168
1619802792215,OUT,mavg/room1/rhum,168
1619802792215,IN,siggen/room2/temp,168
1619802792216,OUT,mavg/room2/temp,168
1619802792422,IN,siggen/room2/rhum,169
1619802792423,OUT,mavg/room2/rhum,169
1619802792423,IN,siggen/room1/temp,169
1619802792424,OUT,mavg/room1/temp,169
1619802792424,IN,siggen/room1/rhum,169
1619802792425,OUT,mavg/room1/rhum,169
1619802792425,IN,siggen/room2/temp,169
1619802792426,OUT,mavg/room2/temp,169
1619802792672,IN,siggen/room1/rhum,170
1619802792716,OUT,mavg/room1/rhum,170
1619802792717,IN,siggen/room2/rhum,170
1619802792718,OUT,mavg/room2/rhum,170
1619802792718,IN,siggen/room1/temp,170
1619802792719,OUT,mavg/room1/temp,170
1619802792719,IN,siggen/room2/temp,170
1619802792720,OUT,mavg/room2/temp,170
1619802792923,IN,siggen/room2/rhum,171
1619802792964,OUT,mavg/room2/rhum,171
1619802792964,IN,siggen/room1/temp,171
1619802792966,OUT,mavg/room1/temp,171
1619802792966,IN,siggen/room1/rhum,171
1619802792967,OUT,mavg/room1/rhum,171
1619802792967,IN,siggen/room2/temp,171
1619802792968,OUT,mavg/room2/temp,171
1619802793173,IN,siggen/room2/rhum,172
1619802793174,OUT,mavg/room2/rhum,172
1619802793174,IN,siggen/room1/temp,172
1619802793175,OUT,mavg/room1/temp,172
1619802793175,IN,siggen/room1/rhum,172
1619802793175,OUT,mavg/room1/rhum,172
1619802793175,IN,siggen/room2/temp,172
1619802793175,OUT,mavg/room2/temp,172
1619802793424,IN,siggen/room2/rhum,173
1619802793468,OUT,mavg/room2/rhum,173
1619802793469,IN,siggen/room1/temp,173
1619802793470,OUT,mavg/room1/temp,173
1619802793470,IN,siggen/room1/rhum,173
1619802793471,OUT,mavg/room1/rhum,173
1619802793471,IN,siggen/room2/temp,173
1619802793472,OUT,mavg/room2/temp,173
1619802793675,IN,siggen/room2/rhum,174
1619802793675,OUT,mavg/room2/rhum,174
1619802793675,IN,siggen/room1/temp,174
1619802793675,OUT,mavg/room1/temp,174
1619802793675,IN,siggen/room1/rhum,174
1619802793676,OUT,mavg/room1/rhum,174
1619802793676,IN,siggen/room2/temp,174
1619802793720,OUT,mavg/room2/temp,174
1619802793925,IN,siggen/room2/rhum,175
1619802793968,OUT,mavg/room2/rhum,175
1619802793968,IN,siggen/room1/temp,175
1619802793968,OUT,mavg/room1/temp,175
1619802793969,IN,siggen/room1/rhum,175
1619802793969,OUT,mavg/room1/rhum,175
1619802793969,IN,siggen/room2/temp,175
1619802793969,OUT,mavg/room2/temp,175
1619802794176,IN,siggen/room2/rhum,176
1619802794177,OUT,mavg/room2/rhum,176
1619802794177,IN,siggen/room1/temp,176
1619802794178,OUT,mavg/room1/temp,176
1619802794178,IN,siggen/room1/rhum,176
1619802794179,OUT,mavg/room1/rhum,176
1619802794179,IN,siggen/room2/temp,176
1619802794179,OUT,mavg/room2/temp,176
1619802794427,IN,siggen/room2/rhum,177
1619802794468,OUT,mavg/room2/rhum,177
1619802794468,IN,siggen/room1/temp,177
1619802794468,OUT,mavg/room1/temp,177
1619802794468,IN,siggen/room1/rhum,177
1619802794469,OUT,mavg/room1/rhum,177
1619802794469,IN,siggen/room2/temp,177
1619802794469,OUT,mavg/room2/temp,177
1619802794678,IN,siggen/room2/rhum,178
1619802794679,OUT,mavg/room2/rhum,178
1619802794679,IN,siggen/room1/temp,178
1619802794679,OUT,mavg/room1/temp,178
1619802794679,IN,siggen/room1/rhum,178
1619802794680,OUT,mavg/room1/rhum,178
1619802794680,IN,siggen/room2/temp,178
1619802794681,OUT,mavg/room2/temp,178
1619802794929,IN,siggen/room2/rhum,179
1619802794972,OUT,mavg/room2/rhum,179
1619802794972,IN,siggen/room1/temp,179
1619802794972,OUT,mavg/room1/temp,179
1619802794972,IN,siggen/room1/rhum,179
1619802794973,OUT,mavg/room1/rhum,179
1619802794973,IN,siggen/room2/temp,179
1619802794973,OUT,mavg/room2/temp,179
1619802795180,IN,siggen/room2/rhum,180
1619802795180,OUT,mavg/room2/rhum,180
1619802795180,IN,siggen/room2/temp,180
1619802795224,OUT,mavg/room2/temp,180
1619802795224,IN,siggen/room1/temp,180
1619802795224,OUT,mavg/room1/temp,180
1619802795224,IN,siggen/room1/rhum,180
1619802795225,OUT,mavg/room1/rhum,180
1619802795430,IN,siggen/room2/rhum,181
1619802795472,OUT,mavg/room2/rhum,181
1619802795472,IN,siggen/room1/temp,181
1619802795472,OUT,mavg/room1/temp,181
1619802795472,IN,siggen/room1/rhum,181
1619802795473,OUT,mavg/room1/rhum,181
1619802795473,IN,siggen/room2/temp,181
1619802795473,OUT,mavg/room2/temp,181
1619802795681,IN,siggen/room1/temp,182
1619802795681,OUT,mavg/room1/temp,182
1619802795681,IN,siggen/room1/rhum,182
1619802795682,OUT,mavg/room1/rhum,182
1619802795682,IN,siggen/room2/temp,182
1619802795682,OUT,mavg/room2/temp,182
1619802795682,IN,siggen/room2/rhum,182
1619802795682,OUT,mavg/room2/rhum,182
1619802795932,IN,siggen/room1/rhum,183
1619802795976,OUT,mavg/room1/rhum,183
1619802795976,IN,siggen/room2/rhum,183
1619802795978,OUT,mavg/room2/rhum,183
1619802795978,IN,siggen/room1/temp,183
1619802795979,OUT,mavg/room1/temp,183
1619802795979,IN,siggen/room2/temp,183
1619802795980,OUT,mavg/room2/temp,183
1619802796182,IN,siggen/room1/temp,184
1619802796224,OUT,mavg/room1/temp,184
1619802796225,IN,siggen/room1/rhum,184
1619802796226,OUT,mavg/room1/rhum,184
1619802796226,IN,siggen/room2/rhum,184
1619802796227,OUT,mavg/room2/rhum,184
1619802796227,IN,siggen/room2/temp,184
1619802796228,OUT,mavg/room2/temp,184
1619802796433,IN,siggen/room2/rhum,185
1619802796433,OUT,mavg/room2/rhum,185
1619802796433,IN,siggen/room1/temp,185
1619802796433,OUT,mavg/room1/temp,185
1619802796433,IN,siggen/room1/rhum,185
1619802796434,OUT,mavg/room1/rhum,185
1619802796434,IN,siggen/room2/temp,185
1619802796434,OUT,mavg/room2/temp,185
1619802796683,IN,siggen/room2/rhum,186
1619802796728,OUT,mavg/room2/rhum,186
1619802796728,IN,siggen/room1/temp,186
1619802796729,OUT,mavg/room1/temp,186
1619802796729,IN,siggen/room1/rhum,186
1619802796730,OUT,mavg/room1/rhum,186
1619802796730,IN,siggen/room2/temp,186
1619802796730,OUT,mavg/room2/temp,186
1619802796934,IN,siggen/room2/rhum,187
1619802796935,OUT,mavg/room2/rhum,187
1619802796935,IN,siggen/room1/temp,187
1619802796935,OUT,mavg/room1/temp,187
1619802796935,IN,siggen/room1/rhum,187
1619802796935,OUT,mavg/room1/rhum,187
1619802796935,IN,siggen/room2/temp,187
1619802796935,OUT,mavg/room2/temp,187
1619802797185,IN,siggen/room2/rhum,188
1619802797228,OUT,mavg/room2/rhum,188
1619802797228,IN,siggen/room1/temp,188
1619802797228,OUT,mavg/room1/temp,188
1619802797228,IN,siggen/room1/rhum,188
1619802797229,OUT,mavg/room1/rhum,188
1619802797229,IN,siggen/room2/temp,188
1619802797229,OUT,mavg/room2/temp,188
1619802797435,IN,siggen/room2/rhum,189
1619802797435,OUT,mavg/room2/rhum,189
1619802797435,IN,siggen/room1/temp,189
1619802797436,OUT,mavg/room1/temp,189
1619802797436,IN,siggen/room1/rhum,189
1619802797436,OUT,mavg/room1/rhum,189
1619802797436,IN,siggen/room2/temp,189
1619802797436,OUT,mavg/room2/temp,189
1619802797686,IN,siggen/room1/temp,190
1619802797728,OUT,mavg/room1/temp,190
1619802797728,IN,siggen/room1/rhum,190
1619802797729,OUT,mavg/room1/rhum,190
1619802797729,IN,siggen/room2/temp,190
1619802797730,OUT,mavg/room2/temp,190
1619802797730,IN,siggen/room2/rhum,190
1619802797731,OUT,mavg/room2/rhum,190
1619802797936,IN,siggen/room2/rhum,191
1619802797937,OUT,mavg/room2/rhum,191
1619802797937,IN,siggen/room1/temp,191
1619802797937,OUT,mavg/room1/temp,191
1619802797937,IN,siggen/room1/rhum,191
1619802797937,OUT,mavg/room1/rhum,191
1619802797937,IN,siggen/room2/temp,191
1619802797938,OUT,mavg/room2/temp,191
1619802798187,IN,siggen/room2/rhum,192
1619802798232,OUT,mavg/room2/rhum,192
1619802798232,IN,siggen/room1/temp,192
1619802798276,OUT,mavg/room1/temp,192
1619802798276,IN,siggen/room1/rhum,192
1619802798276,OUT,mavg/room1/rhum,192
1619802798276,IN,siggen/room2/temp,192
1619802798277,OUT,mavg/room2/temp,192
1619802798438,IN,siggen/room2/rhum,193
1619802798439,OUT,mavg/room2/rhum,193
1619802798439,IN,siggen/room1/temp,193
1619802798439,OUT,mavg/room1/temp,193
1619802798439,IN,siggen/room1/rhum,193
1619802798440,OUT,mavg/room1/rhum,193
1619802798440,IN,siggen/room2/temp,193
1619802798440,OUT,mavg/room2/temp,193
1619802798690,IN,siggen/room2/rhum,194
1619802798732,OUT,mavg/room2/rhum,194
1619802798732,IN,siggen/room1/temp,194
1619802798732,OUT,mavg/room1/temp,194
1619802798732,IN,siggen/room1/rhum,194
1619802798733,OUT,mavg/room1/rhum,194
1619802798733,IN,siggen/room2/temp,194
1619802798733,OUT,mavg/room2/temp,194
1619802798941,IN,siggen/room2/rhum,195
1619802798942,OUT,mavg/room2/rhum,195
1619802798942,IN,siggen/room1/temp,195
1619802798943,OUT,mavg/room1/temp,195
1619802798943,IN,siggen/room1/rhum,195
1619802798947,OUT,mavg/room1/rhum,195
1619802798947,IN,siggen/room2/temp,195
1619802798992,OUT,mavg/room2/temp,195
1619802799193,IN,siggen/room2/temp,196
1619802799235,OUT,mavg/room2/temp,196
1619802799235,IN,siggen/room1/temp,196
1619802799236,OUT,mavg/room1/temp,196
1619802799236,IN,siggen/room1/rhum,196
1619802799236,OUT,mavg/room1/rhum,196
1619802799236,IN,siggen/room2/rhum,196
1619802799237,OUT,mavg/room2/rhum,196
1619802799444,IN,siggen/room2/temp,197
1619802799488,OUT,mavg/room2/temp,197
1619802799488,IN,siggen/room1/temp,197
1619802799489,OUT,mavg/room1/temp,197
1619802799489,IN,siggen/room1/rhum,197
1619802799489,OUT,mavg/room1/rhum,197
1619802799490,IN,siggen/room2/rhum,197
1619802799490,OUT,mavg/room2/rhum,197
1619802799694,IN,siggen/room1/temp,198
1619802799695,OUT,mavg/room1/temp,198
1619802799695,IN,siggen/room1/rhum,198
1619802799695,OUT,mavg/room1/rhum,198
1619802799695,IN,siggen/room2/rhum,198
1619802799696,OUT,mavg/room2/rhum,198
1619802799696,IN,siggen/room2/temp,198
1619802799740,OUT,mavg/room2/temp,198
1619802799946,IN,siggen/room2/rhum,199
1619802799988,OUT,mavg/room2/rhum,199
1619802799988,IN,siggen/room1/temp,199
1619802799988,OUT,mavg/room1/temp,199
1619802799988,IN,siggen/room1/rhum,199
1619802799988,OUT,mavg/room1/rhum,199
1619802799988,IN,siggen/room2/temp,199
1619802799989,OUT,mavg/room2/temp,199
1619802800197,IN,siggen/room2/rhum,200
1619802800198,OUT,mavg/room2/rhum,200
1619802800198,IN,siggen/room1/temp,200
1619802800199,OUT,mavg/room1/temp,200
1619802800199,IN,siggen/room1/rhum,200
1619802800200,OUT,mavg/room1/rhum,200
1619802800200,IN,siggen/room2/temp,200
1619802800201,OUT,mavg/room2/temp,200
1619802800448,IN,siggen/room2/rhum,201
1619802800492,OUT,mavg/room2/rhum,201
1619802800492,IN,siggen/room1/temp,201
1619802800492,OUT,mavg/room1/temp,201
1619802800492,IN,siggen/room1/rhum,201
1619802800492,OUT,mavg/room1/rhum,201
1619802800492,IN,siggen/room2/temp,201
1619802800493,OUT,mavg/room2/temp,201
1619802800699,IN,siggen/room2/rhum,202
1619802800700,OUT,mavg/room2/rhum,202
1619802800700,IN,siggen/room1/temp,202
1619802800701,OUT,mavg/room1/temp,202
1619802800701,IN,siggen/room1/rhum,202
1619802800702,OUT,mavg/room1/rhum,202
1619802800702,IN,siggen/room2/temp,202
1619802800703,OUT,mavg/room2/temp,202
1619802800950,IN,siggen/room2/rhum,203
1619802800992,OUT,mavg/room2/rhum,203
1619802800992,IN,siggen/room1/temp,203
1619802800992,OUT,mavg/room1/temp,203
1619802800992,IN,siggen/room1/rhum,203
1619802800993,OUT,mavg/room1/rhum,203
1619802800993,IN,siggen/room2/temp,203
1619802800993,OUT,mavg/room2/temp,203
1619802801202,IN,siggen/room2/rhum,204
1619802801203,OUT,mavg/room2/rhum,204
1619802801203,IN,siggen/room1/temp,204
1619802801204,OUT,mavg/room1/temp,204
1619802801204,IN,siggen/room1/rhum,204
1619802801248,OUT,mavg/room1/rhum,204
1619802801248,IN,siggen/room2/temp,204
1619802801248,OUT,mavg/room2/temp,204
1619802801452,IN,siggen/room1/temp,205
1619802801496,OUT,mavg/room1/temp,205
1619802801496,IN,siggen/room2/rhum,205
1619802801497,OUT,mavg/room2/rhum,205
1619802801497,IN,siggen/room1/rhum,205
1619802801498,OUT,mavg/room1/rhum,205
1619802801498,IN,siggen/room2/temp,205
1619802801499,OUT,mavg/room2/temp,205
1619802801703,IN,siggen/room2/rhum,206
1619802801704,OUT,mavg/room2/rhum,206
1619802801704,IN,siggen/room1/temp,206
1619802801704,OUT,mavg/room1/temp,206
1619802801705,IN,siggen/room1/rhum,206
1619802801705,OUT,mavg/room1/rhum,206
1619802801705,IN,siggen/room2/temp,206
1619802801706,OUT,mavg/room2/temp,206
1619802801955,IN,siggen/room2/rhum,207
1619802801996,OUT,mavg/room2/rhum,207
1619802801996,IN,siggen/room1/temp,207
1619802801997,OUT,mavg/room1/temp,207
1619802801997,IN,siggen/room1/rhum,207
1619802801998,OUT,mavg/room1/rhum,207
1619802801999,IN,siggen/room2/temp,207
1619802801999,OUT,mavg/room2/temp,207
1619802802206,IN,siggen/room2/rhum,208
1619802802207,OUT,mavg/room2/rhum,208
1619802802208,IN,siggen/room1/rhum,208
1619802802209,OUT,mavg/room1/rhum,208
1619802802209,IN,siggen/room1/temp,208
1619802802252,OUT,mavg/room1/temp,208
1619802802253,IN,siggen/room2/temp,208
1619802802254,OUT,mavg/room2/temp,208
1619802802458,IN,siggen/room2/rhum,209
1619802802500,OUT,mavg/room2/rhum,209
1619802802500,IN,siggen/room1/rhum,209
1619802802502,OUT,mavg/room1/rhum,209
1619802802502,IN,siggen/room2/temp,209
1619802802503,OUT,mavg/room2/temp,209
1619802802503,IN,siggen/room1/temp,209
1619802802504,OUT,mavg/room1/temp,209
1619802802719,IN,siggen/room1/rhum,210
1619802802719,OUT,mavg/room1/rhum,210
1619802802719,IN,siggen/room2/temp,210
1619802802719,OUT,mavg/room2/temp,210
1619802802719,IN,siggen/room2/rhum,210
1619802802764,OUT,mavg/room2/rhum,210
1619802802764,IN,siggen/room1/temp,210
1619802802764,OUT,mavg/room1/temp,210
1619802802971,IN,siggen/room2/rhum,211
1619802803012,OUT,mavg/room2/rhum,211
1619802803012,IN,siggen/room1/temp,211
1619802803012,OUT,mavg/room1/temp,211
1619802803013,IN,siggen/room1/rhum,211
1619802803013,OUT,mavg/room1/rhum,211
1619802803013,IN,siggen/room2/temp,211
1619802803014,OUT,mavg/room2/temp,211
1619802803222,IN,siggen/room2/rhum,212
1619802803223,OUT,mavg/room2/rhum,212
1619802803223,IN,siggen/room1/temp,212
1619802803224,OUT,mavg/room1/temp,212
1619802803224,IN,siggen/room1/rhum,212
1619802803225,OUT,mavg/room1/rhum,212
1619802803225,IN,siggen/room2/temp,212
1619802803227,OUT,mavg/room2/temp,212
1619802803473,IN,siggen/room2/rhum,213
1619802803516,OUT,mavg/room2/rhum,213
1619802803516,IN,siggen/room1/temp,213
1619802803517,OUT,mavg/room1/temp,213
1619802803517,IN,siggen/room1/rhum,213
1619802803517,OUT,mavg/room1/rhum,213
1619802803517,IN,siggen/room2/temp,213
1619802803518,OUT,mavg/room2/temp,213
1619802803725,IN,siggen/room2/rhum,214
1619802803726,OUT,mavg/room2/rhum,214
1619802803726,IN,siggen/room1/temp,214
1619802803727,OUT,mavg/room1/temp,214
1619802803727,IN,siggen/room1/rhum,214
1619802803728,OUT,mavg/room1/rhum,214
1619802803728,IN,siggen/room2/temp,214
1619802803776,OUT,mavg/room2/temp,214
1619802803976,IN,siggen/room2/rhum,215
1619802804024,OUT,mavg/room2/rhum,215
1619802804024,IN,siggen/room1/temp,215
1619802804024,OUT,mavg/room1/temp,215
1619802804024,IN,siggen/room1/rhum,215
1619802804024,OUT,mavg/room1/rhum,215
1619802804024,IN,siggen/room2/temp,215
1619802804024,OUT,mavg/room2/temp,215
1619802804227,IN,siggen/room2/rhum,216
1619802804228,OUT,mavg/room2/rhum,216
1619802804229,IN,siggen/room1/temp,216
1619802804230,OUT,mavg/room1/temp,216
1619802804230,IN,siggen/room2/temp,216
1619802804231,OUT,mavg/room2/temp,216
1619802804232,IN,siggen/room1/rhum,216
1619802804233,OUT,mavg/room1/rhum,216
1619802804478,IN,siggen/room2/rhum,217
1619802804520,OUT,mavg/room2/rhum,217
1619802804520,IN,siggen/room1/temp,217
1619802804520,OUT,mavg/room1/temp,217
1619802804520,IN,siggen/room2/temp,217
1619802804521,OUT,mavg/room2/temp,217
1619802804521,IN,siggen/room1/rhum,217
1619802804521,OUT,mavg/room1/rhum,217
1619802804729,IN,siggen/room2/rhum,218
1619802804730,OUT,mavg/room2/rhum,218
1619802804730,IN,siggen/room1/temp,218
1619802804731,OUT,mavg/room1/temp,218
1619802804731,IN,siggen/room1/rhum,218
1619802804732,OUT,mavg/room1/rhum,218
1619802804732,IN,siggen/room2/temp,218
1619802804733,OUT,mavg/room2/temp,218
1619802804980,IN,siggen/room2/rhum,219
1619802805028,OUT,mavg/room2/rhum,219
1619802805028,IN,siggen/room1/temp,219
1619802805028,OUT,mavg/room1/temp,219
1619802805028,IN,siggen/room1/rhum,219
1619802805028,OUT,mavg/room1/rhum,219
1619802805028,IN,siggen/room2/temp,219
1619802805029,OUT,mavg/room2/temp,219
1619802805231,IN,siggen/room2/rhum,220
1619802805231,OUT,mavg/room2/rhum,220
1619802805232,IN,siggen/room1/temp,220
1619802805232,OUT,mavg/room1/temp,220
1619802805232,IN,siggen/room1/rhum,220
1619802805233,OUT,mavg/room1/rhum,220
1619802805233,IN,siggen/room2/temp,220
1619802805234,OUT,mavg/room2/temp,220
1619802805483,IN,siggen/room2/rhum,221
1619802805528,OUT,mavg/room2/rhum,221
1619802805528,IN,siggen/room1/temp,221
1619802805528,OUT,mavg/room1/temp,221
1619802805529,IN,siggen/room1/rhum,221
1619802805529,OUT,mavg/room1/rhum,221
1619802805529,IN,siggen/room2/temp,221
1619802805530,OUT,mavg/room2/temp,221
1619802805734,IN,siggen/room2/rhum,222
1619802805735,OUT,mavg/room2/rhum,222
1619802805735,IN,siggen/room1/temp,222
1619802805736,OUT,mavg/room1/temp,222
1619802805736,IN,siggen/room1/rhum,222
1619802805737,OUT,mavg/room1/rhum,222
1619802805738,IN,siggen/room2/temp,222
1619802805739,OUT,mavg/room2/temp,222
1619802805985,IN,siggen/room2/rhum,223
1619802806028,OUT,mavg/room2/rhum,223
1619802806028,IN,siggen/room1/temp,223
1619802806028,OUT,mavg/room1/temp,223
1619802806028,IN,siggen/room1/rhum,223
1619802806029,OUT,mavg/room1/rhum,223
1619802806029,IN,siggen/room2/temp,223
1619802806029,OUT,mavg/room2/temp,223
1619802806237,IN,siggen/room2/rhum,224
1619802806238,OUT,mavg/room2/rhum,224
1619802806238,IN,siggen/room1/temp,224
1619802806239,OUT,mavg/room1/temp,224
1619802806239,IN,siggen/room1/rhum,224
1619802806240,OUT,mavg/room1/rhum,224
1619802806240,IN,siggen/room2/temp,224
1619802806241,OUT,mavg/room2/temp,224
1619802806488,IN,siggen/room2/rhum,225
1619802806532,OUT,mavg/room2/rhum,225
1619802806532,IN,siggen/room1/temp,225
1619802806580,OUT,mavg/room1/temp,225
1619802806580,IN,siggen/room1/rhum,225
1619802806580,OUT,mavg/room1/rhum,225
1619802806580,IN,siggen/room2/temp,225
1619802806581,OUT,mavg/room2/temp,225
1619802806739,IN,siggen/room2/rhum,226
1619802806740,OUT,mavg/room2/rhum,226
1619802806741,IN,siggen/room1/temp,226
1619802806742,OUT,mavg/room1/temp,226
1619802806742,IN,siggen/room1/rhum,226
1619802806743,OUT,mavg/room1/rhum,226
1619802806743,IN,siggen/room2/temp,226
1619802806744,OUT,mavg/room2/temp,226
1619802806991,IN,siggen/room2/rhum,227
1619802807032,OUT,mavg/room2/rhum,227
1619802807032,IN,siggen/room1/temp,227
1619802807032,OUT,mavg/room1/temp,227
1619802807033,IN,siggen/room1/rhum,227
1619802807033,OUT,mavg/room1/rhum,227
1619802807033,IN,siggen/room2/temp,227
1619802807033,OUT,mavg/room2/temp,227
1619802807242,IN,siggen/room2/rhum,228
1619802807243,OUT,mavg/room2/rhum,228
1619802807243,IN,siggen/room1/temp,228
1619802807244,OUT,mavg/room1/temp,228
1619802807244,IN,siggen/room1/rhum,228
1619802807288,OUT,mavg/room1/rhum,228
1619802807288,IN,siggen/room2/temp,228
1619802807288,OUT,mavg/room2/temp,228
1619802807493,IN,siggen/room2/rhum,229
1619802807536,OUT,mavg/room2/rhum,229
1619802807536,IN,siggen/room1/temp,229
1619802807536,OUT,mavg/room1/temp,229
1619802807536,IN,siggen/room1/rhum,229
1619802807536,OUT,mavg/room1/rhum,229
1619802807537,IN,siggen/room2/temp,229
1619802807537,OUT,mavg/room2/temp,229
1619802807745,IN,siggen/room2/rhum,230
1619802807745,OUT,mavg/room2/rhum,230
1619802807746,IN,siggen/room1/temp,230
1619802807746,OUT,mavg/room1/temp,230
1619802807747,IN,siggen/room1/rhum,230
1619802807748,OUT,mavg/room1/rhum,230
1619802807748,IN,siggen/room2/temp,230
1619802807749,OUT,mavg/room2/temp,230
1619802807996,IN,siggen/room2/rhum,231
1619802808040,OUT,mavg/room2/rhum,231
1619802808040,IN,siggen/room1/temp,231
1619802808040,OUT,mavg/room1/temp,231
1619802808041,IN,siggen/room1/rhum,231
1619802808041,OUT,mavg/room1/rhum,231
1619802808041,IN,siggen/room2/temp,231
1619802808042,OUT,mavg/room2/temp,231
1619802808247,IN,siggen/room1/temp,232
1619802808248,OUT,mavg/room1/temp,232
1619802808248,IN,siggen/room2/rhum,232
1619802808292,OUT,mavg/room2/rhum,232
1619802808292,IN,siggen/room1/rhum,232
1619802808292,OUT,mavg/room1/rhum,232
1619802808292,IN,siggen/room2/temp,232
1619802808293,OUT,mavg/room2/temp,232
1619802808498,IN,siggen/room2/rhum,233
1619802808540,OUT,mavg/room2/rhum,233
1619802808540,IN,siggen/room1/temp,233
1619802808540,OUT,mavg/room1/temp,233
1619802808540,IN,siggen/room1/rhum,233
1619802808540,OUT,mavg/room1/rhum,233
1619802808540,IN,siggen/room2/temp,233
1619802808541,OUT,mavg/room2/temp,233
1619802808748,IN,siggen/room2/rhum,234
1619802808748,OUT,mavg/room2/rhum,234
1619802808749,IN,siggen/room1/temp,234
1619802808749,OUT,mavg/room1/temp,234
1619802808749,IN,siggen/room1/rhum,234
1619802808749,OUT,mavg/room1/rhum,234
1619802808749,IN,siggen/room2/temp,234
1619802808750,OUT,mavg/room2/temp,234
1619802808999,IN,siggen/room2/rhum,235
1619802809044,OUT,mavg/room2/rhum,235
1619802809044,IN,siggen/room1/temp,235
1619802809044,OUT,mavg/room1/temp,235
1619802809044,IN,siggen/room1/rhum,235
1619802809044,OUT,mavg/room1/rhum,235
1619802809045,IN,siggen/room2/temp,235
1619802809045,OUT,mavg/room2/temp,235
1619802809249,IN,siggen/room2/rhum,236
1619802809249,OUT,mavg/room2/rhum,236
1619802809250,IN,siggen/room1/temp,236
1619802809250,OUT,mavg/room1/temp,236
1619802809250,IN,siggen/room1/rhum,236
1619802809250,OUT,mavg/room1/rhum,236
1619802809250,IN,siggen/room2/temp,236
1619802809250,OUT,mavg/room2/temp,236
1619802809500,IN,siggen/room2/rhum,237
1619802809543,OUT,mavg/room2/rhum,237
1619802809543,IN,siggen/room1/rhum,237
1619802809544,OUT,mavg/room1/rhum,237
1619802809544,IN,siggen/room1/temp,237
1619802809544,OUT,mavg/room1/temp,237
1619802809544,IN,siggen/room2/temp,237
1619802809545,OUT,mavg/room2/temp,237
1619802809750,IN,siggen/room2/rhum,238
1619802809751,OUT,mavg/room2/rhum,238
1619802809751,IN,siggen/room1/rhum,238
1619802809751,OUT,mavg/room1/rhum,238
1619802809751,IN,siggen/room2/temp,238
1619802809751,OUT,mavg/room2/temp,238
1619802809751,IN,siggen/room1/temp,238
1619802809751,OUT,mavg/room1/temp,238
1619802810001,IN,siggen/room2/rhum,239
1619802810044,OUT,mavg/room2/rhum,239
1619802810044,IN,siggen/room1/rhum,239
1619802810044,OUT,mavg/room1/rhum,239
1619802810044,IN,siggen/room2/temp,239
1619802810045,OUT,mavg/room2/temp,239
1619802810045,IN,siggen/room1/temp,239
1619802810045,OUT,mavg/room1/temp,239
1619802810251,IN,siggen/room1/temp,240
1619802810252,OUT,mavg/room1/temp,240
1619802810252,IN,siggen/room2/rhum,240
1619802810252,OUT,mavg/room2/rhum,240
1619802810252,IN,siggen/room1/rhum,240
1619802810253,OUT,mavg/room1/rhum,240
1619802810253,IN,siggen/room2/temp,240
1619802810253,OUT,mavg/room2/temp,240
1619802810502,IN,siggen/room2/rhum,241
1619802810544,OUT,mavg/room2/rhum,241
1619802810544,IN,siggen/room1/temp,241
1619802810544,OUT,mavg/room1/temp,241
1619802810544,IN,siggen/room1/rhum,241
1619802810545,OUT,mavg/room1/rhum,241
1619802810545,IN,siggen/room2/temp,241
1619802810545,OUT,mavg/room2/temp,241
1619802810752,IN,siggen/room2/rhum,242
1619802810753,OUT,mavg/room2/rhum,242
1619802810753,IN,siggen/room1/temp,242
1619802810753,OUT,mavg/room1/temp,242
1619802810753,IN,siggen/room1/rhum,242
1619802810753,OUT,mavg/room1/rhum,242
1619802810754,IN,siggen/room2/temp,242
1619802810754,OUT,mavg/room2/temp,242
1619802811003,IN,siggen/room2/rhum,243
1619802811048,OUT,mavg/room2/rhum,243
1619802811048,IN,siggen/room1/temp,243
1619802811048,OUT,mavg/room1/temp,243
1619802811049,IN,siggen/room1/rhum,243
1619802811049,OUT,mavg/room1/rhum,243
1619802811049,IN,siggen/room2/temp,243
1619802811049,OUT,mavg/room2/temp,243
1619802811254,IN,siggen/room2/rhum,244
1619802811254,OUT,mavg/room2/rhum,244
1619802811254,IN,siggen/room1/temp,244
1619802811254,OUT,mavg/room1/temp,244
1619802811254,IN,siggen/room2/temp,244
1619802811255,OUT,mavg/room2/temp,244
1619802811255,IN,siggen/room1/rhum,244
1619802811255,OUT,mavg/room1/rhum,244
1619802811504,IN,siggen/room2/rhum,245
1619802811552,OUT,mavg/room2/rhum,245
1619802811552,IN,siggen/room1/temp,245
1619802811552,OUT,mavg/room1/temp,245
1619802811552,IN,siggen/room1/rhum,245
1619802811552,OUT,mavg/room1/rhum,245
1619802811552,IN,siggen/room2/temp,245
1619802811552,OUT,mavg/room2/temp,245
1619802811755,IN,siggen/room2/rhum,246
1619802811755,OUT,mavg/room2/rhum,246
1619802811755,IN,siggen/room1/temp,246
1619802811755,OUT,mavg/room1/temp,246
1619802811755,IN,siggen/room1/rhum,246
1619802811755,OUT,mavg/room1/rhum,246
1619802811755,IN,siggen/room2/temp,246
1619802811755,OUT,mavg/room2/temp,246
1619802812005,IN,siggen/room2/temp,247
1619802812048,OUT,mavg/room2/temp,247
1619802812048,IN,siggen/room2/rhum,247
1619802812048,OUT,mavg/room2/rhum,247
1619802812048,IN,siggen/room1/temp,247
1619802812049,OUT,mavg/room1/temp,247
1619802812049,IN,siggen/room1/rhum,247
1619802812049,OUT,mavg/room1/rhum,247
1619802812256,IN,siggen/room2/rhum,248
1619802812256,OUT,mavg/room2/rhum,248
1619802812256,IN,siggen/room1/temp,248
1619802812257,OUT,mavg/room1/temp,248
1619802812257,IN,siggen/room1/rhum,248
1619802812257,OUT,mavg/room1/rhum,248
1619802812257,IN,siggen/room2/temp,248
1619802812257,OUT,mavg/room2/temp,248
1619802812506,IN,siggen/room1/temp,249
1619802812548,OUT,mavg/room1/temp,249
1619802812548,IN,siggen/room1/rhum,249
1619802812548,OUT,mavg/room1/rhum,249
1619802812548,IN,siggen/room2/temp,249
1619802812548,OUT,mavg/room2/temp,249
1619802812549,IN,siggen/room2/rhum,249
1619802812549,OUT,mavg/room2/rhum,249
1619802812757,IN,siggen/room2/rhum,250
1619802812757,OUT,mavg/room2/rhum,250
1619802812757,IN,siggen/room1/temp,250
1619802812757,OUT,mavg/room1/temp,250
1619802812757,IN,siggen/room1/rhum,250
1619802812757,OUT,mavg/room1/rhum,250
1619802812757,IN,siggen/room2/temp,250
1619802812758,OUT,mavg/room2/temp,250
1619802813007,IN,siggen/room2/rhum,251
1619802813048,OUT,mavg/room2/rhum,251
1619802813048,IN,siggen/room2/temp,251
1619802813048,OUT,mavg/room2/temp,251
1619802813048,IN,siggen/room1/temp,251
1619802813048,OUT,mavg/room1/temp,251
1619802813049,IN,siggen/room1/rhum,251
1619802813049,OUT,mavg/room1/rhum,251
1619802813270,IN,siggen/room2/rhum,252
1619802813271,OUT,mavg/room2/rhum,252
1619802813271,IN,siggen/room1/temp,252
1619802813271,OUT,mavg/room1/temp,252
1619802813271,IN,siggen/room2/temp,252
1619802813272,OUT,mavg/room2/temp,252
1619802813272,IN,siggen/room1/rhum,252
1619802813272,OUT,mavg/room1/rhum,252
1619802813508,IN,siggen/room2/rhum,253
1619802813552,OUT,mavg/room2/rhum,253
1619802813552,IN,siggen/room2/temp,253
1619802813552,OUT,mavg/room2/temp,253
1619802813552,IN,siggen/room1/temp,253
1619802813552,OUT,mavg/room1/temp,253
1619802813552,IN,siggen/room1/rhum,253
1619802813552,OUT,mavg/room1/rhum,253
1619802813759,IN,siggen/room2/rhum,254
1619802813759,OUT,mavg/room2/rhum,254
1619802813760,IN,siggen/room1/temp,254
1619802813760,OUT,mavg/room1/temp,254
1619802813760,IN,siggen/room1/rhum,254
1619802813760,OUT,mavg/room1/rhum,254
1619802813760,IN,siggen/room2/temp,254
1619802813761,OUT,mavg/room2/temp,254
1619802814010,IN,siggen/room1/temp,255
1619802814052,OUT,mavg/room1/temp,255
1619802814052,IN,siggen/room1/rhum,255
1619802814052,OUT,mavg/room1/rhum,255
1619802814052,IN,siggen/room2/temp,255
1619802814052,OUT,mavg/room2/temp,255
1619802814052,IN,siggen/room2/rhum,255
1619802814053,OUT,mavg/room2/rhum,255
1619802814261,IN,siggen/room2/rhum,256
1619802814261,OUT,mavg/room2/rhum,256
1619802814261,IN,siggen/room1/temp,256
1619802814261,OUT,mavg/room1/temp,256
1619802814261,IN,siggen/room1/rhum,256
1619802814262,OUT,mavg/room1/rhum,256
1619802814262,IN,siggen/room2/temp,256
1619802814262,OUT,mavg/room2/temp,256
1619802814511,IN,siggen/room1/temp,257
1619802814552,OUT,mavg/room1/temp,257
1619802814552,IN,siggen/room2/temp,257
1619802814553,OUT,mavg/room2/temp,257
1619802814553,IN,siggen/room1/rhum,257
1619802814555,OUT,mavg/room1/rhum,257
1619802814555,IN,siggen/room2/rhum,257
1619802814556,OUT,mavg/room2/rhum,257
1619802814762,IN,siggen/room2/rhum,258
1619802814762,OUT,mavg/room2/rhum,258
1619802814762,IN,siggen/room1/temp,258
1619802814762,OUT,mavg/room1/temp,258
1619802814762,IN,siggen/room1/rhum,258
1619802814763,OUT,mavg/room1/rhum,258
1619802814763,IN,siggen/room2/temp,258
1619802814763,OUT,mavg/room2/temp,258
1619802815012,IN,siggen/room2/rhum,259
1619802815059,OUT,mavg/room2/rhum,259
1619802815060,IN,siggen/room2/temp,259
1619802815060,OUT,mavg/room2/temp,259
1619802815060,IN,siggen/room1/temp,259
1619802815060,OUT,mavg/room1/temp,259
1619802815060,IN,siggen/room1/rhum,259
1619802815060,OUT,mavg/room1/rhum,259
1619802815263,IN,siggen/room2/rhum,260
1619802815263,OUT,mavg/room2/rhum,260
1619802815263,IN,siggen/room1/temp,260
1619802815263,OUT,mavg/room1/temp,260
1619802815263,IN,siggen/room1/rhum,260
1619802815263,OUT,mavg/room1/rhum,260
1619802815263,IN,siggen/room2/temp,260
1619802815264,OUT,mavg/room2/temp,260
1619802815513,IN,siggen/room2/rhum,261
1619802815556,OUT,mavg/room2/rhum,261
1619802815556,IN,siggen/room1/temp,261
1619802815556,OUT,mavg/room1/temp,261
1619802815556,IN,siggen/room2/temp,261
1619802815557,OUT,mavg/room2/temp,261
1619802815557,IN,siggen/room1/rhum,261
1619802815560,OUT,mavg/room1/rhum,261
1619802815765,IN,siggen/room2/rhum,262
1619802815766,OUT,mavg/room2/rhum,262
1619802815766,IN,siggen/room1/temp,262
1619802815767,OUT,mavg/room1/temp,262
1619802815767,IN,siggen/room1/rhum,262
1619802815768,OUT,mavg/room1/rhum,262
1619802815768,IN,siggen/room2/temp,262
1619802815769,OUT,mavg/room2/temp,262
1619802816016,IN,siggen/room2/rhum,263
1619802816060,OUT,mavg/room2/rhum,263
1619802816060,IN,siggen/room1/temp,263
1619802816061,OUT,mavg/room1/temp,263
1619802816062,IN,siggen/room1/rhum,263
1619802816062,OUT,mavg/room1/rhum,263
1619802816063,IN,siggen/room2/temp,263
1619802816063,OUT,mavg/room2/temp,263
1619802816268,IN,siggen/room2/rhum,264
1619802816269,OUT,mavg/room2/rhum,264
1619802816269,IN,siggen/room1/temp,264
1619802816312,OUT,mavg/room1/temp,264
1619802816312,IN,siggen/room1/rhum,264
1619802816313,OUT,mavg/room1/rhum,264
1619802816313,IN,siggen/room2/temp,264
1619802816315,OUT,mavg/room2/temp,264
1619802816519,IN,siggen/room2/rhum,265
1619802816564,OUT,mavg/room2/rhum,265
1619802816564,IN,siggen/room1/temp,265
1619802816565,OUT,mavg/room1/temp,265
1619802816565,IN,siggen/room1/rhum,265
1619802816566,OUT,mavg/room1/rhum,265
1619802816567,IN,siggen/room2/temp,265
1619802816568,OUT,mavg/room2/temp,265
1619802816770,IN,siggen/room2/rhum,266
1619802816771,OUT,mavg/room2/rhum,266
1619802816771,IN,siggen/room1/temp,266
1619802816772,OUT,mavg/room1/temp,266
1619802816772,IN,siggen/room1/rhum,266
1619802816773,OUT,mavg/room1/rhum,266
1619802816774,IN,siggen/room2/temp,266
1619802816774,OUT,mavg/room2/temp,266
1619802817021,IN,siggen/room2/rhum,267
1619802817064,OUT,mavg/room2/rhum,267
1619802817064,IN,siggen/room1/temp,267
1619802817065,OUT,mavg/room1/temp,267
1619802817065,IN,siggen/room1/rhum,267
1619802817066,OUT,mavg/room1/rhum,267
1619802817067,IN,siggen/room2/temp,267
1619802817067,OUT,mavg/room2/temp,267
1619802817272,IN,siggen/room2/rhum,268
1619802817273,OUT,mavg/room2/rhum,268
1619802817273,IN,siggen/room1/temp,268
1619802817274,OUT,mavg/room1/temp,268
1619802817274,IN,siggen/room1/rhum,268
1619802817275,OUT,mavg/room1/rhum,268
16198028